,amikacin,amoxicillin,ampicillin,aztreonam,cefalotin,cefepime,cefotaxime,cefoxitin,ceftazidime,ceftriaxone,cefuroxime,ciprofloxacin,ertapenem,gentamicin,imipenem,meropenem,tetracycline
0,0,-1,1,1,-1,1,-1,-1,1,1,-1,1,0,1,0,0,1
1,1,-1,1,1,-1,1,1,1,1,1,-1,1,1,1,1,1,1
2,0,-1,1,1,1,0,1,0,1,-1,1,1,0,1,-1,0,-1
3,0,-1,1,0,1,0,1,0,0,-1,1,1,0,0,-1,0,-1
4,-1,-1,-1,-1,-1,-1,1,0,-1,-1,-1,1,0,1,-1,-1,1
5,1,-1,1,1,-1,1,1,1,1,1,-1,1,1,1,1,1,1
6,1,-1,1,1,-1,1,1,1,1,1,-1,0,1,1,1,1,1
7,0,-1,1,0,-1,1,1,1,1,1,-1,0,1,0,1,1,1
8,0,-1,1,1,-1,1,1,1,1,1,-1,1,1,0,1,0,1
9,0,-1,1,1,-1,1,-1,1,1,1,-1,1,1,1,1,1,1
10,0,-1,-1,1,-1,-1,1,-1,1,-1,-1,1,0,0,0,0,-1
11,0,-1,1,1,-1,1,1,1,1,1,-1,1,1,0,1,1,1
12,1,-1,1,1,-1,1,1,1,1,1,-1,1,1,1,1,1,1
13,1,-1,1,1,-1,1,1,1,1,1,-1,1,1,1,1,1,1
14,-1,1,-1,1,1,1,1,1,1,-1,1,-1,1,-1,-1,-1,-1
15,-1,-1,-1,-1,-1,-1,-1,-1,-1,1,-1,-1,-1,-1,-1,-1,-1
16,-1,-1,-1,-1,-1,-1,-1,-1,-1,-1,-1,-1,-1,-1,-1,-1,-1
17,-1,-1,-1,-1,-1,-1,-1,-1,-1,1,-1,-1,-1,-1,-1,-1,-1
18,-1,-1,-1,-1,-1,-1,-1,-1,-1,1,-1,-1,-1,-1,-1,-1,-1
19,-1,-1,-1,-1,-1,-1,-1,-1,-1,1,-1,-1,-1,-1,-1,-1,-1
20,-1,-1,-1,-1,-1,-1,-1,-1,-1,1,-1,-1,-1,-1,-1,-1,-1
21,-1,-1,-1,-1,-1,-1,-1,-1,-1,1,-1,-1,-1,-1,-1,-1,-1
22,-1,-1,-1,-1,-1,-1,-1,-1,-1,1,-1,-1,-1,-1,-1,-1,-1
23,1,-1,1,-1,-1,-1,1,-1,-1,-1,-1,-1,-1,1,-1,-1,1
24,1,-1,1,-1,-1,-1,1,-1,-1,-1,-1,-1,-1,1,-1,-1,0
25,1,-1,1,-1,-1,-1,1,-1,-1,-1,-1,-1,-1,1,-1,-1,0
26,1,-1,1,-1,-1,-1,1,-1,-1,-1,-1,-1,-1,1,-1,-1,1
27,1,-1,1,-1,-1,-1,1,-1,-1,-1,-1,-1,-1,1,-1,-1,0
28,1,-1,1,-1,-1,-1,1,-1,-1,-1,-1,-1,-1,1,-1,-1,0
29,1,-1,1,-1,-1,-1,1,-1,-1,-1,-1,-1,-1,1,-1,-1,0
30,1,-1,1,-1,-1,-1,1,-1,-1,-1,-1,-1,-1,1,-1,-1,0
31,1,-1,1,-1,-1,-1,1,-1,-1,-1,-1,-1,-1,1,-1,-1,0
32,1,-1,1,-1,-1,-1,1,-1,-1,-1,-1,-1,-1,1,-1,-1,0
33,1,-1,1,-1,-1,-1,1,-1,-1,-1,-1,-1,-1,1,-1,-1,0
34,1,-1,1,-1,-1,-1,1,-1,-1,-1,-1,-1,-1,1,-1,-1,0
35,1,-1,1,-1,-1,-1,1,-1,-1,-1,-1,-1,-1,1,-1,-1,0
36,-1,-1,1,0,-1,1,1,0,1,1,-1,0,-1,1,0,0,1
37,-1,-1,1,0,-1,0,1,0,1,1,-1,0,-1,1,0,0,1
38,-1,-1,1,0,-1,0,1,0,1,1,-1,0,-1,0,0,0,1
39,-1,-1,1,0,-1,0,1,0,0,1,-1,0,-1,1,0,0,1
40,-1,-1,1,0,-1,0,1,0,1,1,-1,0,-1,0,0,0,1
41,-1,-1,1,0,-1,1,1,0,0,1,-1,1,-1,1,0,0,1
42,-1,-1,1,1,-1,1,1,0,1,1,-1,0,-1,0,0,0,1
43,-1,-1,-1,-1,-1,-1,-1,-1,-1,1,-1,-1,-1,-1,-1,-1,-1
44,0,-1,1,1,-1,1,1,1,1,1,-1,1,1,0,1,1,1
45,0,-1,1,1,-1,1,1,1,1,1,-1,1,1,1,0,0,1
46,1,-1,1,1,-1,1,1,1,1,1,-1,1,1,1,1,1,1
47,-1,-1,-1,-1,-1,-1,-1,-1,-1,1,-1,-1,-1,-1,-1,-1,-1
48,-1,-1,-1,-1,-1,-1,-1,-1,-1,1,-1,-1,-1,-1,-1,-1,-1
49,0,-1,1,0,-1,1,1,1,1,1,-1,1,1,0,1,1,1
50,1,-1,1,1,-1,1,1,1,1,1,-1,1,1,1,1,1,1
51,0,-1,1,1,-1,1,1,1,1,1,-1,1,1,0,1,1,1
52,-1,-1,1,0,-1,0,1,0,1,1,-1,0,-1,0,0,0,1
53,-1,-1,1,0,-1,0,1,0,0,1,-1,0,-1,0,0,0,1
54,-1,-1,1,0,-1,1,1,0,0,1,-1,0,-1,0,0,0,1
55,0,-1,1,1,-1,1,1,1,1,1,-1,1,1,0,1,1,1
56,0,-1,0,0,1,0,0,0,0,-1,1,0,0,0,-1,0,-1
57,0,-1,1,0,1,0,0,0,0,-1,0,1,0,0,-1,0,-1
58,0,-1,1,0,1,0,0,1,0,-1,0,1,0,0,-1,0,-1
59,0,-1,1,1,1,1,1,0,1,-1,1,1,0,0,-1,0,-1
60,0,-1,0,0,0,0,0,0,0,-1,0,0,0,0,-1,0,-1
61,0,-1,1,0,1,0,0,0,0,-1,0,1,0,0,-1,0,-1
62,0,-1,1,0,1,0,0,0,0,-1,0,0,0,0,-1,0,-1
63,0,-1,1,0,1,0,0,0,0,-1,0,0,0,0,-1,0,-1
64,0,-1,1,0,0,0,0,0,0,-1,0,0,0,0,-1,0,-1
65,0,-1,0,0,0,0,0,0,0,-1,0,0,0,0,-1,0,-1
66,0,-1,0,0,0,0,0,0,0,-1,0,0,0,0,-1,0,-1
67,0,-1,1,0,1,0,0,0,0,-1,0,0,0,0,-1,0,-1
68,1,-1,1,0,1,0,0,0,0,-1,0,1,0,0,-1,0,-1
69,0,-1,1,0,1,0,0,0,0,-1,1,0,0,0,-1,0,-1
70,0,-1,0,0,1,0,0,0,0,-1,0,0,0,0,-1,0,-1
71,0,-1,1,0,1,0,0,0,0,-1,0,0,0,1,-1,0,-1
72,0,-1,0,0,0,0,0,0,0,-1,0,0,0,0,-1,0,-1
73,0,-1,1,0,1,0,0,0,0,-1,0,0,0,0,-1,0,-1
74,0,-1,0,0,0,0,0,0,0,-1,0,0,0,0,-1,0,-1
75,0,-1,0,0,0,0,0,0,0,-1,0,0,0,0,-1,0,-1
76,0,-1,0,0,0,0,0,0,0,-1,0,0,0,0,-1,0,-1
77,0,-1,0,0,0,0,0,0,0,-1,0,0,0,0,-1,0,-1
78,0,-1,0,0,0,0,0,0,0,-1,0,0,0,0,-1,0,-1
79,0,-1,1,0,1,0,0,0,0,-1,0,0,0,0,-1,0,-1
80,0,-1,1,0,1,0,0,0,0,-1,0,1,0,1,-1,0,-1
81,1,-1,1,0,1,0,0,1,0,-1,1,1,0,0,-1,0,-1
82,0,-1,0,0,1,0,0,0,0,-1,0,0,0,0,-1,0,-1
83,0,-1,0,0,0,0,0,0,0,-1,0,0,0,0,-1,0,-1
84,0,-1,1,0,1,0,0,0,0,-1,0,0,0,0,-1,0,-1
85,0,-1,1,0,1,0,0,0,0,-1,0,0,0,0,-1,0,-1
86,0,-1,0,0,1,0,0,0,0,-1,0,0,0,0,-1,0,-1
87,0,-1,1,0,1,0,0,1,0,-1,0,0,0,0,-1,0,-1
88,0,-1,1,0,1,0,0,0,0,-1,0,1,0,1,-1,0,-1
89,0,-1,1,0,1,0,0,0,0,-1,0,0,0,0,-1,0,-1
90,0,-1,1,0,1,0,0,0,0,-1,0,0,0,0,-1,0,-1
91,0,-1,0,0,0,0,0,0,0,-1,0,0,0,0,-1,0,-1
92,0,-1,1,0,1,0,0,0,0,-1,0,1,0,0,-1,0,-1
93,0,-1,1,0,0,0,0,0,0,-1,0,1,0,0,-1,0,-1
94,0,-1,1,0,1,0,0,0,0,-1,0,1,0,0,-1,0,-1
95,0,-1,0,0,0,0,0,0,0,-1,0,0,0,0,-1,0,-1
96,0,-1,1,0,1,0,0,0,0,-1,0,0,0,0,-1,0,-1
97,0,-1,1,0,1,0,0,0,0,-1,0,0,0,1,-1,0,-1
98,0,-1,0,0,0,0,0,0,0,-1,0,0,0,0,-1,0,-1
99,0,-1,1,1,1,1,1,0,1,-1,1,1,0,0,-1,0,-1
100,0,-1,1,1,1,1,1,0,1,-1,1,1,0,0,-1,0,-1
101,0,-1,1,1,1,1,1,1,1,-1,1,1,0,0,-1,0,-1
102,0,-1,0,0,0,0,0,0,0,-1,0,0,0,0,-1,0,-1
103,0,-1,0,0,1,0,0,0,0,-1,0,1,0,0,-1,0,-1
104,0,-1,0,0,1,0,0,0,0,-1,0,1,0,0,-1,0,-1
105,0,-1,1,0,0,0,0,0,0,-1,0,0,0,0,-1,0,-1
106,0,-1,0,0,1,0,0,0,0,-1,0,0,0,0,-1,0,-1
107,0,-1,0,0,1,0,0,0,0,-1,0,0,0,0,-1,0,-1
108,0,-1,1,1,1,1,1,0,1,-1,1,1,0,0,-1,0,-1
109,0,-1,0,0,0,0,0,0,0,-1,0,0,0,0,-1,0,-1
110,1,-1,1,0,1,0,1,0,0,-1,1,1,0,0,-1,0,-1
111,0,-1,0,0,0,0,0,0,0,-1,0,0,0,0,-1,0,-1
112,0,-1,0,0,1,0,0,0,0,-1,0,0,0,0,-1,0,-1
113,0,-1,0,0,0,0,0,0,0,-1,0,0,0,0,-1,0,-1
114,0,-1,0,0,0,0,0,0,0,-1,0,1,0,0,-1,0,-1
115,0,-1,1,0,1,0,0,0,0,-1,0,1,0,0,-1,0,-1
116,0,-1,0,0,0,0,0,0,0,-1,0,0,0,0,-1,0,-1
117,0,-1,0,0,0,0,0,0,0,-1,0,0,0,0,-1,0,-1
118,0,-1,1,0,1,0,0,0,0,-1,0,1,0,1,-1,0,-1
119,0,-1,1,0,1,0,1,1,1,-1,1,1,0,0,-1,0,-1
120,0,-1,0,0,0,0,0,0,0,-1,0,0,0,0,-1,0,-1
121,1,-1,1,1,1,1,1,1,1,-1,1,1,0,1,-1,0,-1
122,0,-1,0,0,0,0,0,0,0,-1,0,0,0,0,-1,0,-1
123,0,-1,1,0,1,0,0,0,0,-1,0,0,0,0,-1,0,-1
124,0,-1,0,0,0,0,0,0,0,-1,0,0,0,0,-1,0,-1
125,0,-1,0,0,1,0,0,0,0,-1,0,0,0,0,-1,0,-1
126,0,-1,1,0,0,0,0,0,0,-1,0,0,0,0,-1,0,-1
127,0,-1,0,0,0,0,0,0,0,-1,0,0,0,0,-1,0,-1
128,0,-1,0,0,0,0,0,0,0,-1,0,0,0,0,-1,0,-1
129,0,-1,1,0,1,0,0,0,0,-1,0,0,0,0,-1,0,-1
130,0,-1,0,0,1,0,0,0,0,-1,0,0,0,0,-1,0,-1
131,0,-1,1,0,0,0,0,0,0,-1,0,0,0,0,-1,0,-1
132,0,-1,1,0,0,0,0,0,0,-1,0,0,0,0,-1,0,-1
133,0,-1,0,0,0,0,0,0,0,-1,0,0,0,0,-1,0,-1
134,1,-1,1,0,1,0,1,0,0,-1,1,1,0,0,-1,0,-1
135,0,-1,1,0,1,0,0,0,0,-1,0,0,0,0,-1,0,-1
136,0,-1,1,0,1,0,0,0,0,-1,1,0,0,0,-1,0,-1
137,0,-1,0,0,1,0,0,0,0,-1,0,0,0,0,-1,0,-1
138,1,-1,0,0,1,0,0,0,0,-1,0,0,0,1,-1,0,-1
139,0,-1,1,0,0,0,0,0,0,-1,0,0,0,0,-1,0,-1
140,0,-1,1,0,0,0,0,0,0,-1,0,0,0,0,-1,0,-1
141,0,-1,0,0,0,0,0,0,0,-1,0,0,0,0,-1,0,-1
142,0,-1,1,0,1,0,0,0,0,-1,0,1,0,0,-1,0,-1
143,0,-1,1,0,0,0,0,0,0,-1,0,0,0,0,-1,0,-1
144,0,-1,1,0,0,0,0,0,0,-1,0,1,0,0,-1,0,-1
145,0,-1,0,0,0,0,0,0,0,-1,0,0,0,0,-1,0,-1
146,0,-1,0,0,0,0,0,0,0,-1,0,0,0,0,-1,0,-1
147,0,-1,1,0,0,0,0,0,0,-1,0,0,0,0,-1,0,-1
148,0,-1,1,1,1,1,1,0,0,-1,1,0,0,0,-1,0,-1
149,0,-1,1,1,1,1,1,0,1,-1,1,1,0,0,-1,0,-1
150,0,-1,1,0,1,0,0,1,0,-1,1,0,0,0,-1,0,-1
151,0,-1,1,0,0,0,0,0,0,-1,0,0,0,0,-1,0,-1
152,1,-1,1,0,1,0,0,0,0,-1,1,1,0,0,-1,0,-1
153,1,-1,1,1,1,1,1,0,1,-1,1,1,0,0,-1,0,-1
154,0,-1,0,0,0,0,0,0,0,-1,0,0,0,0,-1,0,-1
155,0,-1,1,1,1,0,1,1,1,-1,1,1,0,0,-1,0,-1
156,0,-1,1,0,1,0,0,0,0,-1,0,0,0,0,-1,0,-1
157,0,-1,1,0,1,0,0,0,0,-1,0,0,0,0,-1,0,-1
158,0,-1,1,0,1,0,0,0,0,-1,0,0,0,0,-1,0,-1
159,0,-1,1,1,1,0,1,0,0,-1,1,0,0,0,-1,0,-1
160,0,-1,1,0,1,0,0,0,0,-1,0,0,0,0,-1,0,-1
161,0,-1,0,0,0,0,0,0,0,-1,0,0,0,0,-1,0,-1
162,0,-1,1,1,1,0,0,0,1,-1,0,1,0,0,-1,0,-1
163,0,-1,1,0,0,0,0,0,0,-1,0,0,0,0,-1,0,-1
164,0,-1,0,0,0,0,0,0,0,-1,0,0,0,0,-1,0,-1
165,0,-1,1,0,1,0,0,0,0,-1,0,0,0,0,-1,0,-1
166,0,-1,0,0,1,0,0,0,0,-1,0,0,0,0,-1,0,-1
167,0,-1,0,0,0,0,0,0,0,-1,0,0,0,0,-1,0,-1
168,0,-1,1,0,0,0,0,0,0,-1,0,0,0,0,-1,0,-1
169,0,-1,0,0,0,0,0,0,0,-1,0,0,0,0,-1,0,-1
170,0,-1,1,0,0,0,0,0,0,-1,0,0,0,0,-1,0,-1
171,0,-1,1,0,0,0,0,0,0,-1,0,0,0,0,-1,0,-1
172,0,-1,1,0,1,0,0,0,0,-1,1,0,0,0,-1,0,-1
173,0,-1,0,0,0,0,0,0,0,-1,0,0,0,0,-1,0,-1
174,0,-1,1,0,1,0,0,0,0,-1,0,0,0,0,-1,0,-1
175,0,-1,1,0,0,0,0,0,0,-1,0,1,0,0,-1,0,-1
176,0,-1,1,0,0,0,0,0,0,-1,0,0,0,0,-1,0,-1
177,0,-1,1,0,0,0,0,0,0,-1,0,0,0,0,-1,0,-1
178,0,-1,0,0,0,0,0,0,0,-1,0,0,0,0,-1,0,-1
179,0,-1,1,0,1,0,0,0,0,-1,1,0,0,0,-1,0,-1
180,0,-1,0,0,0,0,0,0,0,-1,0,0,0,0,-1,0,-1
181,0,-1,1,0,1,0,0,0,0,-1,1,0,0,0,-1,0,-1
182,0,-1,0,0,0,0,0,0,0,-1,0,0,0,0,-1,0,-1
183,0,-1,0,0,0,0,0,0,0,-1,0,0,0,0,-1,0,-1
184,0,-1,0,0,0,0,0,0,0,-1,0,0,0,0,-1,0,-1
185,0,-1,1,0,0,0,0,0,0,-1,0,0,0,0,-1,0,-1
186,0,-1,0,0,0,0,0,0,0,-1,0,0,0,0,-1,0,-1
187,0,-1,1,0,1,0,0,0,0,-1,0,0,0,0,-1,0,-1
188,0,-1,1,0,1,0,0,0,0,-1,0,0,0,0,-1,0,-1
189,0,-1,1,0,1,0,0,0,0,-1,1,1,0,1,-1,0,-1
190,0,-1,1,0,0,0,0,0,0,-1,0,1,0,0,-1,0,-1
191,0,-1,1,0,1,0,0,0,0,-1,0,0,0,0,-1,0,-1
192,0,-1,0,0,0,0,0,0,0,-1,0,0,0,0,-1,0,-1
193,0,-1,1,1,1,0,0,1,1,-1,1,1,0,0,-1,0,-1
194,0,-1,1,0,1,0,0,0,0,-1,0,0,0,0,-1,0,-1
195,1,-1,1,0,1,0,1,0,0,-1,1,1,0,0,-1,0,-1
196,0,-1,0,0,1,0,0,0,0,-1,0,0,0,0,-1,0,-1
197,0,-1,0,0,0,0,0,0,0,-1,0,0,0,0,-1,0,-1
198,0,-1,1,0,1,0,0,1,0,-1,1,0,0,0,-1,0,-1
199,0,-1,1,0,0,0,0,0,0,-1,0,0,0,0,-1,0,-1
200,0,-1,0,0,0,0,0,0,0,-1,0,0,0,0,-1,0,-1
201,0,-1,1,0,1,0,0,0,0,-1,1,1,0,0,-1,0,-1
202,0,-1,1,0,1,0,0,1,0,-1,1,1,0,1,-1,0,-1
203,0,-1,1,0,1,0,0,0,0,-1,0,0,0,0,-1,0,-1
204,0,-1,0,0,0,0,0,0,0,-1,0,0,0,0,-1,0,-1
205,0,-1,0,0,0,0,0,0,0,-1,0,0,0,0,-1,0,-1
206,0,-1,0,0,0,0,0,0,0,-1,0,1,0,0,-1,0,-1
207,0,-1,0,0,0,0,0,0,0,-1,0,0,0,0,-1,0,-1
208,0,-1,0,0,0,0,0,0,0,-1,0,0,0,0,-1,0,-1
209,0,-1,1,0,0,0,0,0,0,-1,0,0,0,0,-1,0,-1
210,0,-1,0,0,0,0,0,0,0,-1,0,0,0,0,-1,0,-1
211,0,-1,1,0,0,0,0,0,0,-1,0,0,0,0,-1,0,-1
212,0,-1,0,0,0,0,0,0,0,-1,0,0,0,0,-1,0,-1
213,0,-1,0,0,1,0,0,0,0,-1,0,0,0,0,-1,0,-1
214,1,-1,1,0,1,0,1,0,0,-1,1,1,0,0,-1,0,-1
215,0,-1,1,0,1,0,0,0,0,-1,0,0,0,0,-1,0,-1
216,0,-1,0,0,0,0,0,0,0,-1,0,0,0,0,-1,0,-1
217,0,-1,0,0,1,0,0,0,0,-1,0,0,0,0,-1,0,-1
218,0,-1,0,0,0,0,0,0,0,-1,0,0,0,0,-1,0,-1
219,0,-1,0,0,0,0,0,0,0,-1,0,0,0,0,-1,0,-1
220,0,-1,1,0,1,1,1,0,0,-1,1,0,0,0,-1,0,-1
221,0,-1,1,0,0,0,0,0,0,-1,0,1,0,0,-1,0,-1
222,0,-1,0,0,0,0,0,0,0,-1,0,0,0,0,-1,0,-1
223,0,-1,0,0,1,0,0,0,0,-1,0,1,0,0,-1,0,-1
224,0,-1,0,0,0,0,0,0,0,-1,0,0,0,0,-1,0,-1
225,0,-1,0,0,0,0,0,0,0,-1,0,0,0,0,-1,0,-1
226,0,-1,0,0,1,0,0,0,0,-1,0,0,0,0,-1,0,-1
227,0,-1,1,0,1,0,0,0,0,-1,0,1,0,0,-1,0,-1
228,0,-1,0,0,0,0,0,0,0,-1,0,0,0,0,-1,0,-1
229,0,-1,0,0,1,0,0,1,0,-1,0,0,0,0,-1,0,-1
230,0,-1,0,0,0,0,0,0,0,-1,0,0,0,0,-1,0,-1
231,0,-1,0,0,0,0,0,0,0,-1,0,1,0,0,-1,0,-1
232,0,-1,1,0,1,0,0,0,0,-1,0,0,0,0,-1,0,-1
233,0,-1,0,0,1,0,0,0,0,-1,0,0,0,0,-1,0,-1
234,0,-1,1,0,1,0,0,0,0,-1,0,0,0,0,-1,0,-1
235,0,-1,1,0,1,0,0,1,0,-1,1,0,0,1,-1,0,-1
236,0,-1,0,0,0,0,0,0,0,-1,0,1,0,0,-1,0,-1
237,0,-1,0,0,1,0,0,0,0,-1,0,0,0,0,-1,0,-1
238,0,-1,1,0,0,0,0,0,0,-1,0,0,0,0,-1,0,-1
239,0,-1,1,0,1,0,0,0,0,-1,0,0,0,0,-1,0,-1
240,0,-1,0,0,0,0,0,0,0,-1,0,0,0,0,-1,0,-1
241,0,-1,1,0,1,0,0,0,0,-1,0,1,0,0,-1,0,-1
242,0,-1,1,1,1,0,0,1,0,-1,1,0,0,0,-1,0,-1
243,0,-1,1,0,0,0,0,0,0,-1,0,0,0,0,-1,0,-1
244,0,-1,0,0,0,0,0,0,0,-1,0,0,0,0,-1,0,-1
245,0,-1,1,0,1,0,0,0,0,-1,0,0,0,0,-1,0,-1
246,0,-1,1,0,1,0,0,0,0,-1,0,1,0,0,-1,0,-1
247,0,-1,1,0,0,0,0,0,0,-1,0,0,0,0,-1,0,-1
248,0,-1,0,0,0,0,0,0,0,-1,0,0,0,0,-1,0,-1
249,0,-1,1,0,0,0,0,0,0,-1,0,1,0,0,-1,0,-1
250,0,-1,1,0,0,0,0,0,0,-1,0,0,0,0,-1,0,-1
251,0,-1,1,0,1,0,0,0,0,-1,0,0,0,0,-1,0,-1
252,0,-1,1,0,1,0,0,0,0,-1,0,0,0,0,-1,0,-1
253,1,-1,1,1,1,1,1,0,1,-1,1,1,0,1,-1,0,-1
254,0,-1,1,0,0,0,0,0,0,-1,0,0,0,0,-1,0,-1
255,0,-1,1,0,1,0,0,0,0,-1,0,1,0,0,-1,0,-1
256,0,-1,1,0,0,0,0,0,0,-1,0,0,0,0,-1,0,-1
257,0,-1,0,0,0,0,0,0,0,-1,0,0,0,0,-1,0,-1
258,0,-1,1,0,1,0,0,1,0,-1,1,0,0,0,-1,0,-1
259,0,-1,1,0,0,0,0,0,0,-1,0,0,0,0,-1,0,-1
260,0,-1,0,0,0,0,0,0,0,-1,0,0,0,0,-1,0,-1
261,0,-1,0,0,1,0,0,0,0,-1,0,0,0,0,-1,0,-1
262,0,-1,0,0,0,0,0,0,0,-1,0,0,0,0,-1,0,-1
263,0,-1,0,0,0,0,0,0,0,-1,0,0,0,0,-1,0,-1
264,0,-1,1,0,1,0,0,1,0,-1,1,0,0,0,-1,0,-1
265,0,-1,0,0,0,0,0,0,0,-1,0,0,0,0,-1,0,-1
266,1,-1,1,1,1,0,1,0,1,-1,1,1,0,0,-1,0,-1
267,0,-1,1,0,0,0,0,0,0,-1,0,0,0,0,-1,0,-1
268,0,-1,1,0,0,0,0,0,0,-1,0,1,0,1,-1,0,-1
269,0,-1,0,0,0,0,0,0,0,-1,0,0,0,0,-1,0,-1
270,0,-1,0,0,0,0,0,0,0,-1,0,0,0,0,-1,0,-1
271,0,-1,0,0,0,0,0,0,0,-1,0,0,0,0,-1,0,-1
272,0,-1,1,0,0,0,0,0,0,-1,0,0,0,0,-1,0,-1
273,0,-1,1,0,1,0,0,0,0,-1,1,1,0,1,-1,0,-1
274,0,-1,0,0,1,0,0,0,0,-1,1,0,0,0,-1,0,-1
275,0,-1,0,0,1,0,0,1,0,-1,0,0,0,0,-1,0,-1
276,0,-1,1,0,1,0,0,0,0,-1,0,0,0,0,-1,0,-1
277,0,-1,1,0,1,0,0,0,0,-1,0,0,0,0,-1,0,-1
278,0,-1,1,0,1,0,0,0,0,-1,0,0,0,0,-1,0,-1
279,0,-1,1,0,1,0,0,0,0,-1,0,0,0,0,-1,0,-1
280,0,-1,1,0,1,0,0,0,0,-1,0,1,0,1,-1,0,-1
281,0,-1,1,0,1,0,0,0,0,-1,0,0,0,0,-1,0,-1
282,0,-1,1,0,0,0,0,0,0,-1,0,0,0,0,-1,0,-1
283,0,-1,1,0,1,0,0,0,0,-1,0,0,0,0,-1,0,-1
284,0,-1,1,0,0,0,0,0,0,-1,0,0,0,1,-1,0,-1
285,0,-1,1,0,1,0,0,0,0,-1,0,1,0,1,-1,0,-1
286,0,-1,1,0,1,0,0,0,0,-1,0,0,0,0,-1,0,-1
287,0,-1,1,0,1,0,0,0,0,-1,0,0,0,0,-1,0,-1
288,0,-1,1,0,1,0,0,0,0,-1,0,1,0,0,-1,0,-1
289,0,-1,1,0,1,0,0,0,0,-1,0,0,0,0,-1,0,-1
290,0,-1,1,1,1,1,1,0,0,-1,1,0,0,0,-1,0,-1
291,0,-1,0,0,1,0,0,0,0,-1,0,0,0,0,-1,0,-1
292,0,-1,0,0,0,0,0,0,0,-1,0,0,0,0,-1,0,-1
293,0,-1,0,0,1,0,0,0,0,-1,0,0,0,0,-1,0,-1
294,0,-1,1,0,0,0,0,0,0,-1,0,0,0,0,-1,0,-1
295,0,-1,1,0,0,0,0,0,0,-1,0,0,0,0,-1,0,-1
296,0,-1,0,0,0,0,0,0,0,-1,0,0,0,0,-1,0,-1
297,0,-1,0,0,0,0,0,0,0,-1,0,0,0,0,-1,0,-1
298,0,-1,0,0,0,0,0,0,0,-1,0,0,0,0,-1,0,-1
299,0,-1,1,0,1,0,0,0,0,-1,0,0,0,0,-1,0,-1
300,0,-1,1,0,1,0,0,1,0,-1,1,1,0,1,-1,0,-1
301,0,-1,0,0,0,0,0,0,0,-1,0,0,0,0,-1,0,-1
302,0,-1,1,0,1,0,0,0,0,-1,0,0,0,0,-1,0,-1
303,0,-1,0,0,0,0,0,0,0,-1,0,0,0,0,-1,0,-1
304,0,-1,1,0,1,0,0,0,0,-1,0,0,0,0,-1,0,-1
305,0,-1,1,0,1,0,0,0,0,-1,0,0,0,0,-1,0,-1
306,0,-1,1,0,0,0,0,0,0,-1,0,0,0,0,-1,0,-1
307,0,-1,1,0,1,0,0,0,0,-1,0,0,0,0,-1,0,-1
308,0,-1,1,1,1,1,1,0,1,-1,1,1,0,1,-1,0,-1
309,0,-1,1,0,1,0,0,0,0,-1,0,1,0,0,-1,0,-1
310,0,-1,0,0,0,0,0,0,0,-1,0,0,0,0,-1,0,-1
311,0,-1,1,0,0,0,0,0,0,-1,0,1,0,0,-1,0,-1
312,0,-1,1,0,1,0,0,0,0,-1,0,0,0,0,-1,0,-1
313,0,-1,1,0,0,0,0,0,0,-1,0,0,0,0,-1,0,-1
314,0,-1,1,0,1,0,0,0,0,-1,0,1,0,0,-1,0,-1
315,0,-1,0,0,0,0,0,0,0,-1,0,0,0,0,-1,0,-1
316,0,-1,0,0,0,0,0,0,0,-1,0,0,0,0,-1,0,-1
317,0,-1,1,0,0,0,0,0,0,-1,0,0,0,0,-1,0,-1
318,0,-1,1,0,1,0,0,0,0,-1,0,0,0,0,-1,0,-1
319,0,-1,1,0,1,0,0,0,0,-1,0,0,0,0,-1,0,-1
320,0,-1,0,0,1,0,0,0,0,-1,0,0,0,0,-1,0,-1
321,0,-1,0,0,0,0,0,0,0,-1,0,0,0,0,-1,0,-1
322,0,-1,1,1,1,1,1,0,1,-1,1,1,0,0,-1,0,-1
323,0,-1,1,0,0,0,0,0,0,-1,0,0,0,0,-1,0,-1
324,0,-1,1,0,1,0,0,0,0,-1,0,0,0,0,-1,0,-1
325,0,-1,0,0,0,0,0,0,0,-1,0,0,0,0,-1,0,-1
326,0,-1,0,0,1,0,0,0,0,-1,0,0,0,0,-1,0,-1
327,0,-1,0,0,0,0,0,0,0,-1,0,0,0,0,-1,0,-1
328,0,-1,1,0,1,0,0,0,0,-1,0,0,0,0,-1,0,-1
329,0,-1,1,0,1,0,0,0,0,-1,0,0,0,0,-1,0,-1
330,0,-1,1,0,1,0,0,1,0,-1,1,0,0,0,-1,0,-1
331,0,-1,1,0,0,0,0,0,0,-1,0,0,0,0,-1,0,-1
332,0,-1,1,0,0,0,0,0,0,-1,0,1,0,0,-1,0,-1
333,0,-1,1,0,1,0,0,0,0,-1,0,0,0,0,-1,0,-1
334,0,-1,1,0,0,0,0,0,0,-1,0,0,0,0,-1,0,-1
335,0,-1,1,0,0,0,0,0,0,-1,0,0,0,0,-1,0,-1
336,0,-1,1,0,1,0,0,0,0,-1,0,0,0,0,-1,0,-1
337,0,-1,1,0,1,0,0,0,0,-1,0,0,0,0,-1,0,-1
338,0,-1,0,0,1,0,0,0,0,-1,0,0,0,0,-1,0,-1
339,0,-1,1,1,1,1,1,0,1,-1,1,1,0,1,-1,0,-1
340,0,-1,1,0,1,0,0,0,0,-1,0,0,0,0,-1,0,-1
341,0,-1,1,0,0,0,0,0,0,-1,0,0,0,0,-1,0,-1
342,0,-1,1,0,0,0,0,0,0,-1,0,0,0,0,-1,0,-1
343,0,-1,1,0,1,0,0,0,0,-1,0,0,0,0,-1,0,-1
344,0,-1,1,0,1,0,0,0,0,-1,0,1,0,0,-1,0,-1
345,0,-1,0,0,0,0,0,0,0,-1,0,0,0,0,-1,0,-1
346,0,-1,0,0,1,0,0,0,0,-1,0,0,0,0,-1,0,-1
347,0,-1,1,1,1,1,1,1,1,-1,1,0,0,0,-1,0,-1
348,0,-1,1,0,1,0,0,0,0,-1,0,1,0,0,-1,0,-1
349,0,-1,1,0,0,0,0,0,0,-1,0,0,0,1,-1,0,-1
350,0,-1,1,0,0,0,0,0,0,-1,0,1,0,0,-1,0,-1
351,0,-1,1,1,1,1,1,0,1,-1,1,1,0,0,-1,0,-1
352,0,-1,0,0,0,0,0,0,0,-1,0,0,0,0,-1,0,-1
353,0,-1,1,0,1,0,0,0,0,-1,0,0,0,0,-1,0,-1
354,0,-1,1,0,0,0,0,0,0,-1,0,0,0,0,-1,0,-1
355,0,-1,0,0,1,0,0,0,0,-1,0,0,0,0,-1,0,-1
356,0,-1,1,0,1,0,0,0,0,-1,0,0,0,0,-1,0,-1
357,0,-1,1,0,0,0,0,0,0,-1,0,0,0,0,-1,0,-1
358,0,-1,0,0,0,0,0,0,0,-1,0,0,0,0,-1,0,-1
359,0,-1,0,0,0,0,0,0,0,-1,0,0,0,0,-1,0,-1
360,0,-1,1,0,1,0,0,0,0,-1,0,0,0,1,-1,0,-1
361,0,-1,0,0,0,0,0,0,0,-1,0,0,0,0,-1,0,-1
362,0,-1,0,0,0,0,0,0,0,-1,0,0,0,0,-1,0,-1
363,0,-1,1,0,1,0,0,0,0,-1,0,0,0,0,-1,0,-1
364,1,-1,1,0,1,0,1,0,0,-1,1,1,0,0,-1,0,-1
365,0,-1,1,0,1,0,0,0,0,-1,0,0,0,0,-1,0,-1
366,0,-1,1,0,1,0,0,0,0,-1,0,0,0,0,-1,0,-1
367,0,-1,1,0,0,0,0,0,0,-1,0,0,0,0,-1,0,-1
368,0,-1,1,1,1,0,1,0,1,-1,1,1,0,0,-1,0,-1
369,0,-1,1,0,0,0,0,0,0,-1,0,0,0,0,-1,0,-1
370,0,-1,1,0,0,0,0,0,0,-1,0,0,0,0,-1,0,-1
371,0,-1,0,0,0,0,0,0,0,-1,0,0,0,0,-1,0,-1
372,0,-1,1,0,1,0,0,0,0,-1,0,0,0,0,-1,0,-1
373,0,-1,1,1,1,0,0,1,1,-1,1,0,0,0,-1,0,-1
374,0,-1,1,0,0,0,0,0,0,-1,0,1,0,1,-1,0,-1
375,0,-1,0,0,1,0,0,0,0,-1,0,0,0,0,-1,0,-1
376,0,-1,0,0,1,0,0,0,0,-1,0,0,0,0,-1,0,-1
377,0,-1,0,0,1,0,0,1,0,-1,1,1,0,0,-1,0,-1
378,0,-1,0,0,0,0,0,0,0,-1,0,0,0,0,-1,0,-1
379,0,-1,0,0,0,0,0,0,0,-1,0,0,0,0,-1,0,-1
380,0,-1,0,0,0,0,0,0,0,-1,0,0,0,0,-1,0,-1
381,0,-1,1,0,1,0,0,0,0,-1,0,0,0,0,-1,0,-1
382,0,-1,0,0,0,0,0,0,0,-1,0,0,0,0,-1,0,-1
383,0,-1,0,0,0,0,0,0,0,-1,0,0,0,0,-1,0,-1
384,0,-1,1,0,1,0,0,0,0,-1,0,0,0,0,-1,0,-1
385,0,-1,1,0,1,0,0,0,0,-1,0,1,0,0,-1,0,-1
386,0,-1,1,0,1,0,0,0,0,-1,0,0,0,0,-1,0,-1
387,0,-1,0,0,0,0,0,0,0,-1,0,0,0,0,-1,0,-1
388,0,-1,0,0,0,0,0,0,0,-1,0,0,0,0,-1,0,-1
389,0,-1,1,1,1,0,1,0,1,-1,1,1,0,0,-1,0,-1
390,0,-1,1,0,0,0,0,0,0,-1,0,0,0,0,-1,0,-1
391,1,-1,1,1,1,0,1,0,1,-1,1,1,0,0,-1,0,-1
392,0,-1,0,0,1,0,0,0,0,-1,0,0,0,0,-1,0,-1
393,0,-1,1,0,1,0,0,0,0,-1,0,0,0,0,-1,0,-1
394,0,-1,1,0,0,0,0,0,0,-1,0,0,0,0,-1,0,-1
395,0,-1,0,0,0,0,0,0,0,-1,0,0,0,0,-1,0,-1
396,0,-1,1,0,0,0,0,0,0,-1,0,0,0,0,-1,0,-1
397,0,-1,1,0,1,0,0,0,0,-1,0,0,0,0,-1,0,-1
398,0,-1,1,0,1,0,0,0,0,-1,0,0,0,0,-1,0,-1
399,1,-1,1,1,1,1,1,0,1,-1,1,1,0,1,-1,0,-1
400,0,-1,1,1,1,1,1,0,1,-1,1,1,0,0,-1,0,-1
401,0,-1,0,0,1,0,0,0,0,-1,0,0,0,0,-1,0,-1
402,0,-1,0,0,1,0,0,0,0,-1,0,0,0,0,-1,0,-1
403,0,-1,1,0,0,0,0,0,0,-1,0,0,0,0,-1,0,-1
404,0,-1,1,0,1,0,0,0,0,-1,0,0,0,0,-1,0,-1
405,0,-1,0,0,0,0,0,0,0,-1,0,0,0,0,-1,0,-1
406,-1,0,-1,-1,-1,-1,-1,-1,0,-1,0,0,-1,0,0,-1,-1
407,-1,0,-1,-1,-1,-1,-1,-1,0,-1,0,0,-1,0,0,-1,-1
408,-1,1,-1,-1,-1,-1,-1,-1,0,-1,0,0,-1,0,0,-1,-1
409,-1,1,-1,-1,-1,-1,-1,-1,0,-1,0,0,-1,0,0,-1,-1
410,-1,1,-1,-1,-1,-1,-1,-1,0,-1,0,0,-1,0,0,-1,-1
411,-1,0,-1,-1,-1,-1,-1,-1,0,-1,0,0,-1,0,0,-1,-1
412,-1,0,-1,-1,-1,-1,-1,-1,0,-1,0,0,-1,0,0,-1,-1
413,-1,1,-1,-1,-1,-1,-1,-1,0,-1,0,0,-1,0,0,-1,-1
414,-1,1,-1,-1,-1,-1,-1,-1,0,-1,0,0,-1,0,0,-1,-1
415,-1,0,-1,-1,-1,-1,-1,-1,0,-1,0,0,-1,0,0,-1,-1
416,-1,0,-1,-1,-1,-1,-1,-1,0,-1,0,0,-1,0,0,-1,-1
417,-1,0,-1,-1,-1,-1,-1,-1,0,-1,0,0,-1,0,0,-1,-1
418,-1,1,-1,-1,-1,-1,-1,-1,0,-1,0,0,-1,0,0,-1,-1
419,-1,1,-1,-1,-1,-1,-1,-1,0,-1,0,0,-1,0,0,-1,-1
420,-1,0,-1,-1,-1,-1,-1,-1,0,-1,0,0,-1,0,0,-1,-1
421,-1,1,-1,-1,-1,-1,-1,-1,0,-1,0,1,-1,0,0,-1,-1
422,-1,0,-1,-1,-1,-1,-1,-1,0,-1,0,0,-1,0,0,-1,-1
423,-1,0,-1,-1,-1,-1,-1,-1,0,-1,0,0,-1,0,0,-1,-1
424,-1,0,-1,-1,-1,-1,-1,-1,0,-1,0,0,-1,0,0,-1,-1
425,-1,1,-1,-1,-1,-1,-1,-1,0,-1,1,1,-1,0,0,-1,-1
426,-1,0,-1,-1,-1,-1,-1,-1,0,-1,0,0,-1,0,0,-1,-1
427,-1,0,-1,-1,-1,-1,-1,-1,0,-1,0,0,-1,0,0,-1,-1
428,-1,0,-1,-1,-1,-1,-1,-1,0,-1,0,0,-1,0,0,-1,-1
429,-1,0,-1,-1,-1,-1,-1,-1,0,-1,0,0,-1,0,0,-1,-1
430,-1,0,-1,-1,-1,-1,-1,-1,0,-1,0,0,-1,0,0,-1,-1
431,-1,1,-1,-1,-1,-1,-1,-1,0,-1,0,0,-1,0,0,-1,-1
432,-1,0,-1,-1,-1,-1,-1,-1,0,-1,1,1,-1,1,0,-1,-1
433,-1,1,-1,-1,-1,-1,-1,-1,0,-1,0,0,-1,0,0,-1,-1
434,-1,1,-1,-1,-1,-1,-1,-1,0,-1,0,0,-1,0,0,-1,-1
435,-1,0,-1,-1,-1,-1,-1,-1,0,-1,1,0,-1,0,0,-1,-1
436,-1,1,-1,-1,-1,-1,-1,-1,0,-1,0,0,-1,0,0,-1,-1
437,-1,0,-1,-1,-1,-1,-1,-1,0,-1,0,0,-1,0,0,-1,-1
438,-1,1,-1,-1,-1,-1,-1,-1,0,-1,1,1,-1,0,0,-1,-1
439,-1,1,-1,-1,-1,-1,-1,-1,0,-1,0,0,-1,0,0,-1,-1
440,-1,1,-1,-1,-1,-1,-1,-1,0,-1,0,0,-1,0,0,-1,-1
441,-1,0,-1,-1,-1,-1,-1,-1,0,-1,0,0,-1,0,0,-1,-1
442,-1,1,-1,-1,-1,-1,-1,-1,0,-1,0,0,-1,0,0,-1,-1
443,-1,1,-1,-1,-1,-1,-1,-1,0,-1,0,1,-1,1,0,-1,-1
444,-1,1,-1,-1,-1,-1,-1,-1,0,-1,0,0,-1,0,0,-1,-1
445,-1,1,-1,-1,-1,-1,-1,-1,0,-1,0,1,-1,1,0,-1,-1
446,-1,1,-1,-1,-1,-1,-1,-1,0,-1,1,0,-1,0,0,-1,-1
447,-1,1,-1,-1,-1,-1,-1,-1,0,-1,1,0,-1,0,0,-1,-1
448,-1,1,-1,-1,-1,-1,-1,-1,0,-1,0,0,-1,0,0,-1,-1
449,0,-1,1,0,0,0,0,0,0,-1,0,0,0,0,-1,0,-1
450,0,-1,1,0,0,0,0,0,0,-1,0,0,0,0,-1,0,-1
451,0,-1,0,0,0,0,0,0,0,-1,0,0,0,0,-1,0,-1
452,0,-1,1,0,1,0,0,0,0,-1,0,0,0,0,-1,0,-1
453,0,-1,1,0,1,0,0,0,0,-1,0,0,0,0,-1,0,-1
454,0,-1,0,0,0,0,0,0,0,-1,0,0,0,0,-1,0,-1
455,0,-1,0,0,0,0,0,0,0,-1,0,0,0,0,-1,0,-1
456,0,-1,0,0,1,0,0,0,0,-1,0,1,0,0,-1,0,-1
457,-1,1,-1,-1,-1,-1,-1,-1,0,-1,0,0,-1,0,0,-1,-1
458,-1,1,-1,-1,-1,-1,-1,-1,0,-1,1,0,-1,0,0,-1,-1
459,-1,0,-1,-1,-1,-1,-1,-1,0,-1,0,0,-1,0,0,-1,-1
460,-1,1,-1,-1,-1,-1,-1,-1,0,-1,0,0,-1,0,0,-1,-1
461,-1,1,-1,-1,-1,-1,-1,-1,0,-1,1,0,-1,0,0,-1,-1
462,-1,0,-1,-1,-1,-1,-1,-1,0,-1,0,0,-1,0,0,-1,-1
463,-1,0,-1,-1,-1,-1,-1,-1,0,-1,0,0,-1,1,0,-1,-1
464,-1,1,-1,-1,-1,-1,-1,-1,0,-1,0,0,-1,0,0,-1,-1
465,-1,0,-1,-1,-1,-1,-1,-1,0,-1,0,0,-1,0,0,-1,-1
466,-1,0,-1,-1,-1,-1,-1,-1,0,-1,0,0,-1,0,0,-1,-1
467,-1,0,-1,-1,-1,-1,-1,-1,0,-1,1,0,-1,0,0,-1,-1
468,-1,1,-1,-1,-1,-1,-1,-1,0,-1,0,0,-1,1,0,-1,-1
469,-1,1,-1,-1,-1,-1,-1,-1,0,-1,0,0,-1,0,0,-1,-1
470,-1,1,-1,-1,-1,-1,-1,-1,0,-1,0,0,-1,0,0,-1,-1
471,-1,1,-1,-1,-1,-1,-1,-1,0,-1,0,0,-1,0,0,-1,-1
472,-1,1,-1,-1,-1,-1,-1,-1,0,-1,0,0,-1,0,0,-1,-1
473,-1,1,-1,-1,-1,-1,-1,-1,0,-1,0,0,-1,0,0,-1,-1
474,-1,1,-1,-1,-1,-1,-1,-1,0,-1,0,0,-1,0,0,-1,-1
475,-1,0,-1,-1,-1,-1,-1,-1,0,-1,0,0,-1,0,0,-1,-1
476,-1,1,-1,-1,-1,-1,-1,-1,0,-1,0,0,-1,0,0,-1,-1
477,-1,1,-1,-1,-1,-1,-1,-1,0,-1,0,0,-1,0,0,-1,-1
478,-1,1,-1,-1,-1,-1,-1,-1,0,-1,0,0,-1,0,0,-1,-1
479,-1,0,-1,-1,-1,-1,-1,-1,0,-1,0,0,-1,0,0,-1,-1
480,-1,0,-1,-1,-1,-1,-1,-1,0,-1,0,0,-1,0,0,-1,-1
481,-1,0,-1,-1,-1,-1,-1,-1,0,-1,0,0,-1,0,0,-1,-1
482,-1,0,-1,-1,-1,-1,-1,-1,0,-1,0,0,-1,0,0,-1,-1
483,-1,1,-1,-1,-1,-1,-1,-1,0,-1,0,0,-1,0,0,-1,-1
484,-1,1,-1,-1,-1,-1,0,-1,1,-1,1,0,-1,0,0,-1,-1
485,-1,0,-1,-1,-1,-1,0,-1,0,-1,0,0,-1,0,0,-1,-1
486,-1,0,-1,-1,-1,-1,0,-1,0,-1,0,0,-1,0,0,-1,-1
487,-1,0,-1,-1,-1,-1,0,-1,0,-1,0,0,-1,0,0,-1,-1
488,-1,0,-1,-1,-1,-1,0,-1,0,-1,0,0,-1,0,0,-1,-1
489,-1,1,-1,-1,-1,-1,0,-1,0,-1,0,0,-1,0,0,-1,-1
490,-1,1,-1,-1,-1,-1,0,-1,0,-1,1,0,-1,0,0,-1,-1
491,-1,0,-1,-1,-1,-1,0,-1,0,-1,0,0,-1,0,0,-1,-1
492,-1,0,-1,-1,-1,-1,0,-1,0,-1,0,0,-1,0,0,-1,-1
493,-1,1,-1,-1,-1,-1,0,-1,0,-1,0,1,-1,1,0,-1,-1
494,-1,1,-1,-1,-1,-1,0,-1,0,-1,0,0,-1,0,0,-1,-1
495,-1,1,-1,-1,-1,-1,0,-1,0,-1,0,1,-1,0,0,-1,-1
496,-1,0,-1,-1,-1,-1,0,-1,0,-1,0,0,-1,0,0,-1,-1
497,-1,0,-1,-1,-1,-1,0,-1,0,-1,0,0,-1,0,0,-1,-1
498,-1,0,-1,-1,-1,-1,0,-1,0,-1,0,1,-1,1,0,-1,-1
499,-1,1,-1,-1,-1,-1,0,-1,0,-1,0,0,-1,0,0,-1,-1
500,-1,1,-1,-1,-1,-1,0,-1,0,-1,0,1,-1,0,0,-1,-1
501,-1,0,-1,-1,-1,-1,0,-1,0,-1,0,0,-1,0,0,-1,-1
502,-1,1,-1,-1,-1,-1,0,-1,0,-1,0,0,-1,0,0,-1,-1
503,-1,1,-1,-1,-1,-1,0,-1,0,-1,0,0,-1,0,0,-1,-1
504,-1,1,-1,-1,-1,-1,0,-1,0,-1,0,0,-1,0,0,-1,-1
505,-1,1,-1,-1,-1,-1,0,-1,0,-1,0,0,-1,0,0,-1,-1
506,-1,1,-1,-1,-1,-1,0,-1,0,-1,1,1,-1,0,0,-1,-1
507,-1,1,-1,-1,-1,-1,0,-1,0,-1,0,0,-1,0,0,-1,-1
508,-1,0,-1,-1,-1,-1,0,-1,0,-1,0,0,-1,0,0,-1,-1
509,-1,0,-1,-1,-1,-1,0,-1,0,-1,0,0,-1,0,0,-1,-1
510,-1,0,-1,-1,-1,-1,0,-1,0,-1,0,0,-1,0,0,-1,-1
511,-1,0,-1,-1,-1,-1,0,-1,0,-1,0,0,-1,0,0,-1,-1
512,-1,0,-1,-1,-1,-1,0,-1,0,-1,0,0,-1,0,0,-1,-1
513,-1,1,-1,-1,-1,-1,0,-1,0,-1,1,0,-1,0,0,-1,-1
514,-1,1,-1,-1,-1,-1,0,-1,0,-1,0,1,-1,0,0,-1,-1
515,-1,0,-1,-1,-1,-1,0,-1,0,-1,0,0,-1,0,0,-1,-1
516,-1,1,-1,-1,-1,-1,0,-1,0,-1,0,0,-1,0,0,-1,-1
517,-1,0,-1,-1,-1,-1,0,-1,0,-1,0,0,-1,0,0,-1,-1
518,-1,1,-1,-1,-1,-1,0,-1,0,-1,0,0,-1,0,0,-1,-1
519,-1,0,-1,-1,-1,-1,0,-1,0,-1,0,0,-1,0,0,-1,-1
520,-1,0,-1,-1,-1,-1,0,-1,0,-1,0,0,-1,0,0,-1,-1
521,-1,1,-1,-1,-1,-1,0,-1,0,-1,0,0,-1,0,0,-1,-1
522,-1,0,-1,-1,-1,-1,0,-1,0,-1,0,0,-1,0,0,-1,-1
523,-1,0,-1,-1,-1,-1,0,-1,0,-1,0,0,-1,0,0,-1,-1
524,-1,0,-1,-1,-1,-1,0,-1,0,-1,0,0,-1,0,0,-1,-1
525,-1,0,-1,-1,-1,-1,0,-1,0,-1,0,0,-1,0,0,-1,-1
526,-1,0,-1,-1,-1,-1,0,-1,0,-1,0,0,-1,0,0,-1,-1
527,-1,1,-1,-1,-1,-1,0,-1,0,-1,0,0,-1,0,0,-1,-1
528,-1,0,-1,-1,-1,-1,0,-1,0,-1,0,0,-1,0,0,-1,-1
529,-1,1,-1,-1,-1,-1,0,-1,0,-1,0,0,-1,0,0,-1,-1
530,-1,1,-1,-1,-1,-1,0,-1,0,-1,0,0,-1,0,0,-1,-1
531,-1,1,-1,-1,-1,-1,0,-1,0,-1,0,0,-1,0,0,-1,-1
532,-1,1,-1,-1,-1,-1,0,-1,0,-1,0,0,-1,0,0,-1,-1
533,-1,1,-1,-1,-1,-1,0,-1,0,-1,0,0,-1,0,0,-1,-1
534,-1,1,-1,-1,-1,-1,0,-1,0,-1,0,0,-1,0,0,-1,-1
535,-1,1,-1,-1,-1,-1,0,-1,0,-1,0,0,-1,1,0,-1,-1
536,-1,1,-1,-1,-1,-1,0,-1,0,-1,0,0,-1,0,0,-1,-1
537,-1,1,-1,-1,-1,-1,0,-1,0,-1,0,0,-1,0,0,-1,-1
538,-1,1,-1,-1,-1,-1,0,-1,0,-1,0,0,-1,0,0,-1,-1
539,-1,1,-1,-1,-1,-1,0,-1,0,-1,0,0,-1,0,0,-1,-1
540,-1,1,-1,-1,-1,-1,0,-1,0,-1,0,0,-1,0,0,-1,-1
541,-1,1,-1,-1,-1,-1,0,-1,0,-1,0,0,-1,0,0,-1,-1
542,-1,1,-1,-1,-1,-1,0,-1,0,-1,0,0,-1,0,0,-1,-1
543,-1,1,-1,-1,-1,-1,0,-1,0,-1,0,0,-1,0,0,-1,-1
544,-1,1,-1,-1,-1,-1,0,-1,0,-1,0,0,-1,0,0,-1,-1
545,-1,0,-1,-1,-1,-1,0,-1,0,-1,0,0,-1,0,0,-1,-1
546,-1,1,-1,-1,-1,-1,0,-1,0,-1,0,0,-1,0,0,-1,-1
547,-1,1,-1,-1,-1,-1,0,-1,0,-1,0,0,-1,0,0,-1,-1
548,-1,0,-1,-1,-1,-1,0,-1,0,-1,0,0,-1,0,0,-1,-1
549,-1,1,-1,-1,-1,-1,0,-1,0,-1,0,0,-1,0,0,-1,-1
550,-1,1,-1,-1,-1,-1,0,-1,0,-1,0,0,-1,1,0,-1,-1
551,-1,0,-1,-1,-1,-1,0,-1,0,-1,0,0,-1,0,0,-1,-1
552,-1,1,-1,-1,-1,-1,0,-1,0,-1,0,0,-1,0,0,-1,-1
553,-1,1,-1,-1,-1,-1,0,-1,0,-1,0,0,-1,0,0,-1,-1
554,-1,1,-1,-1,-1,-1,0,-1,0,-1,0,0,-1,0,0,-1,-1
555,-1,1,-1,-1,-1,-1,1,-1,1,-1,1,0,-1,1,0,-1,-1
556,-1,1,-1,-1,-1,-1,0,-1,0,-1,0,0,-1,0,0,-1,-1
557,-1,0,-1,-1,-1,-1,0,-1,0,-1,0,0,-1,0,0,-1,-1
558,-1,0,-1,-1,-1,-1,0,-1,0,-1,0,0,-1,0,0,-1,-1
559,-1,0,-1,-1,-1,-1,0,-1,0,-1,0,0,-1,0,0,-1,-1
560,-1,0,-1,-1,-1,-1,0,-1,0,-1,1,0,-1,0,0,-1,-1
561,-1,0,-1,-1,-1,-1,0,-1,0,-1,0,0,-1,0,0,-1,-1
562,-1,1,-1,-1,-1,-1,0,-1,0,-1,0,0,-1,0,0,-1,-1
563,-1,1,-1,-1,-1,-1,0,-1,0,-1,0,0,-1,0,0,-1,-1
564,-1,1,-1,-1,-1,-1,0,-1,0,-1,0,0,-1,0,0,-1,-1
565,-1,0,-1,-1,-1,-1,0,-1,0,-1,0,0,-1,0,0,-1,-1
566,-1,0,-1,-1,-1,-1,0,-1,0,-1,0,0,-1,0,0,-1,-1
567,-1,0,-1,-1,-1,-1,0,-1,0,-1,0,0,-1,0,0,-1,-1
568,-1,1,-1,-1,-1,-1,0,-1,0,-1,0,1,-1,1,0,-1,-1
569,-1,0,-1,-1,-1,-1,0,-1,0,-1,0,0,-1,0,0,-1,-1
570,-1,1,-1,-1,-1,-1,0,-1,0,-1,0,0,-1,0,0,-1,-1
571,-1,1,-1,-1,-1,-1,0,-1,0,-1,0,0,-1,0,0,-1,-1
572,-1,1,-1,-1,-1,-1,0,-1,0,-1,0,0,-1,0,0,-1,-1
573,-1,1,-1,-1,-1,-1,0,-1,0,-1,0,0,-1,0,0,-1,-1
574,-1,1,-1,-1,-1,-1,0,-1,0,-1,0,0,-1,0,0,-1,-1
575,-1,1,-1,-1,-1,-1,0,-1,0,-1,0,0,-1,0,0,-1,-1
576,-1,0,-1,-1,-1,-1,0,-1,0,-1,0,0,-1,0,0,-1,-1
577,-1,0,-1,-1,-1,-1,0,-1,0,-1,0,0,-1,0,0,-1,-1
578,-1,1,-1,-1,-1,-1,0,-1,0,-1,0,0,-1,0,0,-1,-1
579,-1,0,-1,-1,-1,-1,0,-1,0,-1,0,0,-1,0,0,-1,-1
580,-1,1,-1,-1,-1,-1,0,-1,0,-1,0,0,-1,0,0,-1,-1
581,-1,1,-1,-1,-1,-1,0,-1,0,-1,1,0,-1,1,0,-1,-1
582,-1,1,-1,-1,-1,-1,0,-1,0,-1,0,0,-1,0,0,-1,-1
583,-1,1,-1,-1,-1,-1,0,-1,0,-1,0,0,-1,0,0,-1,-1
584,-1,0,-1,-1,-1,-1,0,-1,0,-1,0,0,-1,0,0,-1,-1
585,-1,0,-1,-1,-1,-1,0,-1,0,-1,0,0,-1,0,0,-1,-1
586,-1,0,-1,-1,-1,-1,0,-1,0,-1,0,0,-1,0,0,-1,-1
587,-1,0,-1,-1,-1,-1,0,-1,0,-1,0,0,-1,0,0,-1,-1
588,-1,1,-1,-1,-1,-1,0,-1,0,-1,0,0,-1,0,0,-1,-1
589,-1,1,-1,-1,-1,-1,0,-1,0,-1,0,0,-1,0,0,-1,-1
590,-1,1,-1,-1,-1,-1,0,-1,0,-1,0,0,-1,0,0,-1,-1
591,-1,0,-1,-1,-1,-1,0,-1,0,-1,0,0,-1,0,0,-1,-1
592,-1,1,-1,-1,-1,-1,0,-1,0,-1,0,0,-1,0,0,-1,-1
593,-1,1,-1,-1,-1,-1,0,-1,0,-1,1,0,-1,0,0,-1,-1
594,-1,1,-1,-1,-1,-1,0,-1,0,-1,0,1,-1,1,0,-1,-1
595,-1,1,-1,-1,-1,-1,0,-1,0,-1,0,0,-1,0,0,-1,-1
596,-1,0,-1,-1,-1,-1,0,-1,0,-1,0,0,-1,0,0,-1,-1
597,-1,1,-1,-1,-1,-1,0,-1,0,-1,1,1,-1,0,0,-1,-1
598,-1,1,-1,-1,-1,-1,0,-1,0,-1,0,0,-1,0,0,-1,-1
599,-1,1,-1,-1,-1,-1,0,-1,0,-1,0,0,-1,0,0,-1,-1
600,-1,1,-1,-1,-1,-1,0,-1,0,-1,0,0,-1,0,0,-1,-1
601,-1,0,-1,-1,-1,-1,0,-1,0,-1,0,0,-1,0,0,-1,-1
602,-1,0,-1,-1,-1,-1,0,-1,0,-1,0,0,-1,0,0,-1,-1
603,-1,1,-1,-1,-1,-1,0,-1,0,-1,0,0,-1,0,0,-1,-1
604,-1,1,-1,-1,-1,-1,0,-1,0,-1,0,0,-1,0,0,-1,-1
605,-1,0,-1,-1,-1,-1,0,-1,0,-1,0,0,-1,0,0,-1,-1
606,-1,0,-1,-1,-1,-1,0,-1,0,-1,0,0,-1,0,0,-1,-1
607,-1,1,-1,-1,-1,-1,0,-1,0,-1,0,0,-1,0,0,-1,-1
608,-1,1,-1,-1,-1,-1,0,-1,0,-1,0,0,-1,0,0,-1,-1
609,-1,1,-1,-1,-1,-1,0,-1,0,-1,0,0,-1,0,0,-1,-1
610,-1,0,-1,-1,-1,-1,0,-1,0,-1,0,0,-1,0,0,-1,-1
611,-1,0,-1,-1,-1,-1,0,-1,0,-1,0,0,-1,0,0,-1,-1
612,-1,0,-1,-1,-1,-1,0,-1,0,-1,0,0,-1,0,0,-1,-1
613,-1,0,-1,-1,-1,-1,0,-1,0,-1,1,0,-1,0,0,-1,-1
614,-1,1,-1,-1,-1,-1,1,-1,1,-1,1,0,-1,0,0,-1,-1
615,-1,1,-1,-1,-1,-1,1,-1,1,-1,1,1,-1,1,0,-1,-1
616,-1,0,-1,-1,-1,-1,0,-1,0,-1,1,0,-1,0,0,-1,-1
617,-1,0,-1,-1,-1,-1,0,-1,0,-1,0,0,-1,0,0,-1,-1
618,-1,0,-1,-1,-1,-1,0,-1,0,-1,0,0,-1,0,0,-1,-1
619,-1,1,-1,-1,-1,-1,0,-1,0,-1,0,0,-1,0,0,-1,-1
620,-1,1,-1,-1,-1,-1,0,-1,0,-1,0,0,-1,0,0,-1,-1
621,-1,1,-1,-1,-1,-1,0,-1,0,-1,0,1,-1,0,0,-1,-1
622,-1,1,-1,-1,-1,-1,0,-1,0,-1,0,0,-1,0,0,-1,-1
623,-1,0,-1,-1,-1,-1,0,-1,0,-1,0,0,-1,0,0,-1,-1
624,-1,0,-1,-1,-1,-1,0,-1,0,-1,0,0,-1,0,0,-1,-1
625,-1,0,-1,-1,-1,-1,0,-1,0,-1,0,0,-1,0,0,-1,-1
626,-1,1,-1,-1,-1,-1,0,-1,0,-1,0,0,-1,0,0,-1,-1
627,-1,1,-1,-1,-1,-1,0,-1,0,-1,0,0,-1,0,0,-1,-1
628,-1,1,-1,-1,-1,-1,0,-1,0,-1,0,0,-1,0,0,-1,-1
629,-1,1,-1,-1,-1,-1,0,-1,0,-1,0,0,-1,0,0,-1,-1
630,-1,0,-1,-1,-1,-1,0,-1,0,-1,0,0,-1,0,0,-1,-1
631,-1,1,-1,-1,-1,-1,0,-1,0,-1,0,0,-1,0,0,-1,-1
632,-1,1,-1,-1,-1,-1,0,-1,0,-1,0,0,-1,0,0,-1,-1
633,-1,1,-1,-1,-1,-1,0,-1,0,-1,0,1,-1,0,0,-1,-1
634,-1,1,-1,-1,-1,-1,0,-1,0,-1,0,0,-1,0,0,-1,-1
635,-1,0,-1,-1,-1,-1,0,-1,0,-1,0,0,-1,0,0,-1,-1
636,-1,0,-1,-1,-1,-1,0,-1,0,-1,0,0,-1,0,0,-1,-1
637,-1,1,-1,-1,-1,-1,0,-1,0,-1,0,0,-1,0,0,-1,-1
638,-1,0,-1,-1,-1,-1,0,-1,0,-1,0,0,-1,0,0,-1,-1
639,-1,0,-1,-1,-1,-1,0,-1,0,-1,0,0,-1,0,0,-1,-1
640,-1,1,-1,-1,-1,-1,0,-1,0,-1,0,0,-1,0,0,-1,-1
641,-1,0,-1,-1,-1,-1,0,-1,0,-1,0,0,-1,0,0,-1,-1
642,-1,0,-1,-1,-1,-1,0,-1,0,-1,0,0,-1,0,0,-1,-1
643,-1,1,-1,-1,-1,-1,1,-1,1,-1,1,1,-1,0,0,-1,-1
644,-1,1,-1,-1,-1,-1,0,-1,0,-1,0,1,-1,0,0,-1,-1
645,-1,1,-1,-1,-1,-1,0,-1,0,-1,0,1,-1,0,0,-1,-1
646,-1,1,-1,-1,-1,-1,0,-1,0,-1,0,0,-1,0,0,-1,-1
647,-1,0,-1,-1,-1,-1,0,-1,0,-1,0,0,-1,0,0,-1,-1
648,-1,1,-1,-1,-1,-1,0,-1,0,-1,0,0,-1,0,0,-1,-1
649,-1,1,-1,-1,-1,-1,0,-1,0,-1,0,0,-1,0,0,-1,-1
650,-1,0,-1,-1,-1,-1,0,-1,0,-1,0,0,-1,0,0,-1,-1
651,-1,1,-1,-1,-1,-1,0,-1,0,-1,0,0,-1,0,0,-1,-1
652,-1,1,-1,-1,-1,-1,0,-1,0,-1,0,0,-1,0,0,-1,-1
653,-1,1,-1,-1,-1,-1,0,-1,0,-1,0,0,-1,0,0,-1,-1
654,-1,0,-1,-1,-1,-1,0,-1,0,-1,0,0,-1,0,0,-1,-1
655,-1,0,-1,-1,-1,-1,0,-1,0,-1,0,0,-1,0,0,-1,-1
656,-1,0,-1,-1,-1,-1,0,-1,0,-1,1,0,-1,0,0,-1,-1
657,-1,1,-1,-1,-1,-1,0,-1,0,-1,0,0,-1,0,0,-1,-1
658,-1,1,-1,-1,-1,-1,0,-1,0,-1,0,0,-1,0,0,-1,-1
659,-1,0,-1,-1,-1,-1,0,-1,0,-1,0,0,-1,0,0,-1,-1
660,-1,0,-1,-1,-1,-1,0,-1,0,-1,0,0,-1,0,0,-1,-1
661,-1,0,-1,-1,-1,-1,0,-1,0,-1,0,1,-1,0,0,-1,-1
662,-1,1,-1,-1,-1,-1,0,-1,0,-1,0,1,-1,1,0,-1,-1
663,-1,1,-1,-1,-1,-1,0,-1,0,-1,0,0,-1,0,0,-1,-1
664,-1,1,-1,-1,-1,-1,0,-1,0,-1,0,1,-1,0,0,-1,-1
665,-1,0,-1,-1,-1,-1,0,-1,0,-1,0,0,-1,0,0,-1,-1
666,-1,1,-1,-1,-1,-1,0,-1,0,-1,0,0,-1,0,0,-1,-1
667,-1,1,-1,-1,-1,-1,0,-1,0,-1,0,0,-1,0,0,-1,-1
668,-1,1,-1,-1,-1,-1,0,-1,0,-1,0,0,-1,0,0,-1,-1
669,-1,0,-1,-1,-1,-1,0,-1,0,-1,0,0,-1,0,0,-1,-1
670,-1,1,-1,-1,-1,-1,0,-1,0,-1,0,0,-1,0,0,-1,-1
671,-1,0,-1,-1,-1,-1,0,-1,0,-1,0,0,-1,0,0,-1,-1
672,-1,0,-1,-1,-1,-1,0,-1,0,-1,0,0,-1,0,0,-1,-1
673,-1,1,-1,-1,-1,-1,0,-1,0,-1,0,1,-1,1,0,-1,-1
674,-1,0,-1,-1,-1,-1,0,-1,0,-1,0,0,-1,0,0,-1,-1
675,-1,0,-1,-1,-1,-1,0,-1,0,-1,0,0,-1,0,0,-1,-1
676,-1,0,-1,-1,-1,-1,0,-1,0,-1,0,0,-1,0,0,-1,-1
677,-1,1,-1,-1,-1,-1,0,-1,0,-1,0,0,-1,0,0,-1,-1
678,-1,1,-1,-1,-1,-1,0,-1,0,-1,1,0,-1,0,0,-1,-1
679,-1,1,-1,-1,-1,-1,0,-1,0,-1,0,0,-1,0,0,-1,-1
680,-1,1,-1,-1,-1,-1,0,-1,0,-1,0,0,-1,0,0,-1,-1
681,-1,1,-1,-1,-1,-1,0,-1,0,-1,0,0,-1,0,0,-1,-1
682,-1,0,-1,-1,-1,-1,0,-1,0,-1,0,1,-1,0,0,-1,-1
683,-1,0,-1,-1,-1,-1,0,-1,0,-1,0,0,-1,0,0,-1,-1
684,-1,0,-1,-1,-1,-1,0,-1,0,-1,0,0,-1,0,0,-1,-1
685,-1,0,-1,-1,-1,-1,0,-1,0,-1,0,0,-1,0,0,-1,-1
686,-1,1,-1,-1,-1,-1,0,-1,0,-1,0,0,-1,0,0,-1,-1
687,-1,0,-1,-1,-1,-1,0,-1,0,-1,0,0,-1,0,0,-1,-1
688,-1,0,-1,-1,-1,-1,0,-1,0,-1,0,0,-1,0,0,-1,-1
689,-1,0,-1,-1,-1,-1,0,-1,0,-1,0,0,-1,0,0,-1,-1
690,-1,1,-1,-1,-1,-1,0,-1,0,-1,0,0,-1,0,0,-1,-1
691,-1,0,-1,-1,-1,-1,0,-1,0,-1,0,0,-1,0,0,-1,-1
692,-1,0,-1,-1,-1,-1,0,-1,0,-1,0,0,-1,0,0,-1,-1
693,-1,1,-1,-1,-1,-1,0,-1,0,-1,0,0,-1,0,0,-1,-1
694,-1,0,-1,-1,-1,-1,0,-1,0,-1,0,1,-1,0,0,-1,-1
695,-1,0,-1,-1,-1,-1,0,-1,0,-1,0,0,-1,0,0,-1,-1
696,-1,1,-1,-1,-1,-1,1,-1,1,-1,1,0,-1,0,0,-1,-1
697,-1,1,-1,-1,-1,-1,0,-1,0,-1,0,0,-1,0,0,-1,-1
698,-1,1,-1,-1,-1,-1,0,-1,0,-1,0,0,-1,0,0,-1,-1
699,-1,1,-1,-1,-1,-1,0,-1,0,-1,0,1,-1,0,0,-1,-1
700,-1,0,-1,-1,-1,-1,-1,-1,0,-1,0,0,-1,0,0,-1,-1
701,-1,0,-1,-1,-1,-1,0,-1,0,-1,0,0,-1,0,0,-1,-1
702,-1,1,-1,-1,-1,-1,0,-1,0,-1,0,0,-1,0,0,-1,-1
703,-1,0,-1,-1,-1,-1,0,-1,0,-1,0,0,-1,0,0,-1,-1
704,-1,1,-1,-1,-1,-1,0,-1,0,-1,0,0,-1,0,0,-1,-1
705,-1,1,-1,-1,-1,-1,-1,-1,0,-1,0,1,-1,1,0,-1,-1
706,-1,1,-1,-1,-1,-1,0,-1,0,-1,0,0,-1,0,0,-1,-1
707,-1,1,-1,-1,-1,-1,1,-1,1,-1,1,1,-1,0,0,-1,-1
708,-1,1,-1,-1,-1,-1,0,-1,0,-1,1,0,-1,0,0,-1,-1
709,-1,0,-1,-1,-1,-1,0,-1,0,-1,0,0,-1,0,0,-1,-1
710,-1,0,-1,-1,-1,-1,0,-1,0,-1,0,0,-1,0,0,-1,-1
711,-1,1,-1,-1,-1,-1,0,-1,0,-1,0,0,-1,0,0,-1,-1
712,-1,1,-1,-1,-1,-1,0,-1,0,-1,0,0,-1,0,0,-1,-1
713,-1,1,-1,-1,-1,-1,0,-1,0,-1,0,0,-1,0,0,-1,-1
714,-1,1,-1,-1,-1,-1,0,-1,0,-1,0,0,-1,0,0,-1,-1
715,-1,1,-1,-1,-1,-1,1,-1,1,-1,0,0,-1,0,0,-1,-1
716,-1,1,-1,-1,-1,-1,0,-1,0,-1,0,0,-1,0,0,-1,-1
717,-1,0,-1,-1,-1,-1,0,-1,0,-1,0,0,-1,0,0,-1,-1
718,-1,1,-1,-1,-1,-1,0,-1,0,-1,0,0,-1,0,0,-1,-1
719,-1,1,-1,-1,-1,-1,0,-1,0,-1,1,0,-1,0,0,-1,-1
720,-1,0,-1,-1,-1,-1,0,-1,0,-1,0,0,-1,0,0,-1,-1
721,-1,1,-1,-1,-1,-1,0,-1,0,-1,0,0,-1,1,0,-1,-1
722,-1,1,-1,-1,-1,-1,0,-1,0,-1,0,1,-1,0,0,-1,-1
723,-1,1,-1,-1,-1,-1,0,-1,0,-1,0,0,-1,0,0,-1,-1
724,-1,1,-1,-1,-1,-1,0,-1,0,-1,0,0,-1,0,0,-1,-1
725,-1,0,-1,-1,-1,-1,0,-1,0,-1,0,0,-1,0,0,-1,-1
726,-1,1,-1,-1,-1,-1,0,-1,0,-1,0,0,-1,0,0,-1,-1
727,-1,0,-1,-1,-1,-1,0,-1,0,-1,0,0,-1,0,0,-1,-1
728,-1,1,-1,-1,-1,-1,0,-1,0,-1,0,0,-1,0,0,-1,-1
729,-1,1,-1,-1,-1,-1,0,-1,0,-1,0,1,-1,0,0,-1,-1
730,-1,0,-1,-1,-1,-1,0,-1,0,-1,0,0,-1,0,0,-1,-1
731,-1,0,-1,-1,-1,-1,0,-1,0,-1,0,0,-1,0,0,-1,-1
732,-1,0,-1,-1,-1,-1,0,-1,0,-1,0,1,-1,0,0,-1,-1
733,-1,1,-1,-1,-1,-1,1,-1,1,-1,1,0,-1,1,0,-1,-1
734,-1,1,-1,-1,-1,-1,0,-1,0,-1,0,0,-1,0,0,-1,-1
735,-1,0,-1,-1,-1,-1,0,-1,0,-1,0,0,-1,0,0,-1,-1
736,-1,1,-1,-1,-1,-1,0,-1,0,-1,0,0,-1,0,0,-1,-1
737,-1,0,-1,-1,-1,-1,0,-1,0,-1,0,0,-1,0,0,-1,-1
738,-1,1,-1,-1,-1,-1,0,-1,0,-1,0,0,-1,0,0,-1,-1
739,-1,0,-1,-1,-1,-1,0,-1,0,-1,0,0,-1,0,0,-1,-1
740,-1,0,-1,-1,-1,-1,0,-1,0,-1,0,0,-1,0,0,-1,-1
741,-1,1,-1,-1,-1,-1,1,-1,1,-1,1,1,-1,0,0,-1,-1
742,-1,0,-1,-1,-1,-1,0,-1,0,-1,0,0,-1,0,0,-1,-1
743,-1,1,-1,-1,-1,-1,0,-1,0,-1,0,0,-1,0,0,-1,-1
744,-1,1,-1,-1,-1,-1,0,-1,0,-1,0,0,-1,0,0,-1,-1
745,-1,0,-1,-1,-1,-1,0,-1,0,-1,0,0,-1,0,0,-1,-1
746,-1,1,-1,-1,-1,-1,0,-1,0,-1,0,0,-1,0,0,-1,-1
747,-1,0,-1,-1,-1,-1,0,-1,0,-1,0,0,-1,0,0,-1,-1
748,-1,1,-1,-1,-1,-1,0,-1,0,-1,0,0,-1,0,0,-1,-1
749,-1,1,-1,-1,-1,-1,1,-1,0,-1,1,1,-1,0,0,-1,-1
750,-1,0,-1,-1,-1,-1,0,-1,0,-1,0,1,-1,0,0,-1,-1
751,-1,0,-1,-1,-1,-1,0,-1,0,-1,0,0,-1,0,0,-1,-1
752,-1,0,-1,-1,-1,-1,0,-1,0,-1,0,0,-1,0,0,-1,-1
753,-1,1,-1,-1,-1,-1,1,-1,0,-1,1,1,-1,0,0,-1,-1
754,-1,0,-1,-1,-1,-1,0,-1,0,-1,0,0,-1,0,0,-1,-1
755,-1,1,-1,-1,-1,-1,0,-1,0,-1,1,0,-1,0,0,-1,-1
756,-1,1,-1,-1,-1,-1,0,-1,0,-1,0,0,-1,0,0,-1,-1
757,-1,1,-1,-1,-1,-1,0,-1,0,-1,0,1,-1,0,0,-1,-1
758,-1,0,-1,-1,-1,-1,0,-1,0,-1,0,0,-1,0,0,-1,-1
759,-1,0,-1,-1,-1,-1,0,-1,0,-1,0,0,-1,0,0,-1,-1
760,-1,1,-1,-1,-1,-1,0,-1,0,-1,0,0,-1,0,0,-1,-1
761,-1,1,-1,-1,-1,-1,0,-1,0,-1,0,0,-1,0,0,-1,-1
762,-1,1,-1,-1,-1,-1,0,-1,0,-1,1,1,-1,0,0,-1,-1
763,-1,0,-1,-1,-1,-1,0,-1,0,-1,0,0,-1,0,0,-1,-1
764,-1,0,-1,-1,-1,-1,0,-1,0,-1,0,0,-1,0,0,-1,-1
765,-1,0,-1,-1,-1,-1,0,-1,0,-1,0,0,-1,0,0,-1,-1
766,-1,1,-1,-1,-1,-1,0,-1,0,-1,0,0,-1,0,0,-1,-1
767,-1,0,-1,-1,-1,-1,0,-1,0,-1,0,0,-1,0,0,-1,-1
768,-1,1,-1,-1,-1,-1,1,-1,1,-1,1,1,-1,1,0,-1,-1
769,-1,0,-1,-1,-1,-1,0,-1,0,-1,0,0,-1,0,0,-1,-1
770,-1,0,-1,-1,-1,-1,0,-1,0,-1,0,0,-1,0,0,-1,-1
771,-1,1,-1,-1,-1,-1,0,-1,1,-1,0,0,-1,0,0,-1,-1
772,-1,0,-1,-1,-1,-1,0,-1,0,-1,0,0,-1,0,0,-1,-1
773,-1,1,-1,-1,-1,-1,0,-1,0,-1,0,0,-1,0,0,-1,-1
774,-1,1,-1,-1,-1,-1,0,-1,0,-1,0,0,-1,0,0,-1,-1
775,-1,1,-1,-1,-1,-1,0,-1,0,-1,0,0,-1,0,0,-1,-1
776,-1,0,-1,-1,-1,-1,0,-1,0,-1,0,0,-1,0,0,-1,-1
777,-1,1,-1,-1,-1,-1,0,-1,0,-1,0,0,-1,0,0,-1,-1
778,-1,1,-1,-1,-1,-1,0,-1,0,-1,0,0,-1,0,0,-1,-1
779,-1,0,-1,-1,-1,-1,0,-1,0,-1,0,0,-1,0,0,-1,-1
780,-1,0,-1,-1,-1,-1,0,-1,0,-1,0,0,-1,0,0,-1,-1
781,-1,1,-1,-1,-1,-1,1,-1,1,-1,1,1,-1,1,0,-1,-1
782,-1,0,-1,-1,-1,-1,0,-1,0,-1,0,0,-1,0,0,-1,-1
783,-1,1,-1,-1,-1,-1,0,-1,0,-1,0,0,-1,0,0,-1,-1
784,-1,1,-1,-1,-1,-1,1,-1,1,-1,1,1,-1,0,0,-1,-1
785,-1,1,-1,-1,-1,-1,0,-1,0,-1,0,1,-1,1,0,-1,-1
786,-1,0,-1,-1,-1,-1,0,-1,0,-1,0,0,-1,0,0,-1,-1
787,-1,1,-1,-1,-1,-1,0,-1,0,-1,0,1,-1,0,0,-1,-1
788,-1,0,-1,-1,-1,-1,0,-1,0,-1,0,0,-1,0,0,-1,-1
789,-1,1,-1,-1,-1,-1,0,-1,0,-1,0,0,-1,0,0,-1,-1
790,-1,0,-1,-1,-1,-1,0,-1,0,-1,0,0,-1,0,0,-1,-1
791,-1,1,-1,-1,-1,-1,0,-1,0,-1,1,0,-1,0,0,-1,-1
792,-1,0,-1,-1,-1,-1,0,-1,0,-1,0,0,-1,0,0,-1,-1
793,-1,1,-1,-1,-1,-1,0,-1,0,-1,0,1,-1,1,0,-1,-1
794,-1,0,-1,-1,-1,-1,0,-1,0,-1,0,0,-1,0,0,-1,-1
795,-1,0,-1,-1,-1,-1,0,-1,0,-1,0,0,-1,0,0,-1,-1
796,-1,0,-1,-1,-1,-1,0,-1,0,-1,0,0,-1,0,0,-1,-1
797,-1,1,-1,-1,-1,-1,0,-1,0,-1,0,0,-1,0,0,-1,-1
798,-1,1,-1,-1,-1,-1,0,-1,0,-1,0,0,-1,1,0,-1,-1
799,-1,0,-1,-1,-1,-1,0,-1,0,-1,0,0,-1,0,0,-1,-1
800,-1,0,-1,-1,-1,-1,0,-1,0,-1,0,1,-1,0,0,-1,-1
801,-1,1,-1,-1,-1,-1,0,-1,0,-1,0,0,-1,0,0,-1,-1
802,-1,0,-1,-1,-1,-1,0,-1,0,-1,0,0,-1,0,0,-1,-1
803,-1,1,-1,-1,-1,-1,0,-1,0,-1,0,0,-1,0,0,-1,-1
804,-1,0,-1,-1,-1,-1,0,-1,0,-1,0,0,-1,0,0,-1,-1
805,-1,0,-1,-1,-1,-1,0,-1,0,-1,0,0,-1,0,0,-1,-1
806,-1,1,-1,-1,-1,-1,0,-1,0,-1,0,1,-1,0,0,-1,-1
807,-1,0,-1,-1,-1,-1,0,-1,0,-1,0,0,-1,0,0,-1,-1
808,-1,0,-1,-1,-1,-1,0,-1,0,-1,0,0,-1,0,0,-1,-1
809,-1,1,-1,-1,-1,-1,0,-1,0,-1,0,0,-1,0,0,-1,-1
810,-1,1,-1,-1,-1,-1,0,-1,0,-1,0,1,-1,0,0,-1,-1
811,-1,1,-1,-1,-1,-1,0,-1,0,-1,0,1,-1,0,0,-1,-1
812,-1,0,-1,-1,-1,-1,0,-1,0,-1,1,0,-1,0,0,-1,-1
813,-1,1,-1,-1,-1,-1,0,-1,0,-1,0,0,-1,0,0,-1,-1
814,-1,0,-1,-1,-1,-1,0,-1,0,-1,0,0,-1,0,0,-1,-1
815,-1,0,-1,-1,-1,-1,0,-1,0,-1,0,0,-1,0,0,-1,-1
816,-1,0,-1,-1,-1,-1,0,-1,0,-1,0,0,-1,0,0,-1,-1
817,-1,0,-1,-1,-1,-1,0,-1,0,-1,0,0,-1,0,0,-1,-1
818,-1,0,-1,-1,-1,-1,0,-1,0,-1,0,0,-1,0,0,-1,-1
819,-1,0,-1,-1,-1,-1,0,-1,0,-1,0,0,-1,0,0,-1,-1
820,-1,1,-1,-1,-1,-1,0,-1,1,-1,1,1,-1,0,0,-1,-1
821,-1,1,-1,-1,-1,-1,1,-1,1,-1,1,1,-1,0,0,-1,-1
822,-1,1,-1,-1,-1,-1,0,-1,0,-1,0,0,-1,0,0,-1,-1
823,-1,0,-1,-1,-1,-1,0,-1,0,-1,0,0,-1,0,0,-1,-1
824,-1,0,-1,-1,-1,-1,0,-1,0,-1,0,0,-1,0,0,-1,-1
825,-1,1,-1,-1,-1,-1,0,-1,0,-1,0,0,-1,0,0,-1,-1
826,-1,1,-1,-1,-1,-1,0,-1,0,-1,0,0,-1,0,0,-1,-1
827,-1,0,-1,-1,-1,-1,0,-1,0,-1,0,0,-1,0,0,-1,-1
828,-1,1,-1,-1,-1,-1,0,-1,0,-1,0,1,-1,0,0,-1,-1
829,-1,0,-1,-1,-1,-1,0,-1,0,-1,0,0,-1,0,0,-1,-1
830,-1,1,-1,-1,-1,-1,1,-1,1,-1,1,1,-1,1,0,-1,-1
831,-1,1,-1,-1,-1,-1,0,-1,0,-1,0,0,-1,0,0,-1,-1
832,-1,1,-1,-1,-1,-1,1,-1,1,-1,1,1,-1,1,0,-1,-1
833,-1,1,-1,-1,-1,-1,0,-1,0,-1,1,1,-1,0,0,-1,-1
834,-1,1,-1,-1,-1,-1,0,-1,0,-1,1,1,-1,0,0,-1,-1
835,-1,1,-1,-1,-1,-1,0,-1,0,-1,0,0,-1,0,0,-1,-1
836,-1,1,-1,-1,-1,-1,0,-1,0,-1,0,0,-1,0,0,-1,-1
837,-1,1,-1,-1,-1,-1,0,-1,0,-1,0,0,-1,0,0,-1,-1
838,-1,1,-1,-1,-1,-1,1,-1,1,-1,1,0,-1,0,0,-1,-1
839,-1,1,-1,-1,-1,-1,1,-1,1,-1,1,0,-1,0,0,-1,-1
840,-1,1,-1,-1,-1,-1,1,-1,1,-1,1,0,-1,0,0,-1,-1
841,-1,1,-1,-1,-1,-1,0,-1,0,-1,0,0,-1,0,0,-1,-1
842,-1,0,-1,-1,-1,-1,0,-1,0,-1,0,0,-1,0,0,-1,-1
843,-1,0,-1,-1,-1,-1,0,-1,0,-1,0,0,-1,0,0,-1,-1
844,-1,0,-1,-1,-1,-1,0,-1,0,-1,0,0,-1,0,0,-1,-1
845,-1,1,-1,-1,-1,-1,0,-1,0,-1,0,0,-1,0,0,-1,-1
846,-1,1,-1,-1,-1,-1,0,-1,0,-1,0,0,-1,0,0,-1,-1
847,-1,0,-1,-1,-1,-1,0,-1,0,-1,0,0,-1,0,0,-1,-1
848,-1,1,-1,-1,-1,-1,1,-1,1,-1,1,1,-1,0,0,-1,-1
849,-1,1,-1,-1,-1,-1,0,-1,0,-1,0,1,-1,1,0,-1,-1
850,-1,1,-1,-1,-1,-1,0,-1,0,-1,0,0,-1,0,0,-1,-1
851,-1,0,-1,-1,-1,-1,0,-1,0,-1,0,0,-1,0,0,-1,-1
852,-1,1,-1,-1,-1,-1,0,-1,0,-1,0,0,-1,0,0,-1,-1
853,-1,1,-1,-1,-1,-1,0,-1,0,-1,0,0,-1,0,0,-1,-1
854,-1,1,-1,-1,-1,-1,1,-1,1,-1,1,1,-1,1,0,-1,-1
855,-1,1,-1,-1,-1,-1,0,-1,0,-1,0,0,-1,0,0,-1,-1
856,-1,1,-1,-1,-1,-1,0,-1,0,-1,0,0,-1,0,0,-1,-1
857,-1,1,-1,-1,-1,-1,1,-1,1,-1,1,1,-1,1,0,-1,-1
858,-1,0,-1,-1,-1,-1,0,-1,0,-1,0,0,-1,0,0,-1,-1
859,-1,0,-1,-1,-1,-1,0,-1,0,-1,0,0,-1,0,0,-1,-1
860,-1,1,-1,-1,-1,-1,0,-1,0,-1,0,1,-1,0,0,-1,-1
861,-1,0,-1,-1,-1,-1,0,-1,0,-1,0,0,-1,0,0,-1,-1
862,-1,0,-1,-1,-1,-1,0,-1,0,-1,0,0,-1,0,0,-1,-1
863,-1,0,-1,-1,-1,-1,0,-1,0,-1,0,0,-1,0,0,-1,-1
864,-1,1,-1,-1,-1,-1,0,-1,0,-1,0,0,-1,0,0,-1,-1
865,-1,0,-1,-1,-1,-1,0,-1,0,-1,1,0,-1,0,0,-1,-1
866,-1,1,-1,-1,-1,-1,0,-1,0,-1,0,0,-1,0,0,-1,-1
867,-1,1,-1,-1,-1,-1,0,-1,0,-1,0,0,-1,0,0,-1,-1
868,-1,1,-1,-1,-1,-1,0,-1,0,-1,0,0,-1,0,0,-1,-1
869,-1,1,-1,-1,-1,-1,0,-1,0,-1,0,0,-1,0,0,-1,-1
870,-1,1,-1,-1,-1,-1,0,-1,0,-1,0,0,-1,0,0,-1,-1
871,-1,1,-1,-1,-1,-1,0,-1,0,-1,0,0,-1,0,0,-1,-1
872,-1,1,-1,-1,-1,-1,0,-1,0,-1,0,0,-1,0,0,-1,-1
873,-1,0,-1,-1,-1,-1,0,-1,0,-1,0,0,-1,0,0,-1,-1
874,-1,1,-1,-1,-1,-1,0,-1,0,-1,0,0,-1,0,0,-1,-1
875,-1,0,-1,-1,-1,-1,0,-1,0,-1,1,0,-1,1,0,-1,-1
876,-1,1,-1,-1,-1,-1,1,-1,1,-1,1,1,-1,0,0,-1,-1
877,-1,0,-1,-1,-1,-1,0,-1,0,-1,0,0,-1,0,0,-1,-1
878,-1,1,-1,-1,-1,-1,0,-1,0,-1,0,0,-1,0,0,-1,-1
879,-1,1,-1,-1,-1,-1,0,-1,0,-1,0,0,-1,1,0,-1,-1
880,-1,1,-1,-1,-1,-1,0,-1,0,-1,0,0,-1,0,0,-1,-1
881,-1,1,-1,-1,-1,-1,0,-1,0,-1,0,1,-1,0,0,-1,-1
882,-1,1,-1,-1,-1,-1,0,-1,0,-1,0,0,-1,1,0,-1,-1
883,-1,0,-1,-1,-1,-1,0,-1,0,-1,0,0,-1,0,0,-1,-1
884,-1,1,-1,-1,-1,-1,0,-1,0,-1,0,0,-1,0,0,-1,-1
885,-1,1,-1,-1,-1,-1,0,-1,0,-1,0,1,-1,0,0,-1,-1
886,-1,1,-1,-1,-1,-1,0,-1,0,-1,0,0,-1,0,0,-1,-1
887,-1,1,-1,-1,-1,-1,0,-1,0,-1,1,1,-1,1,0,-1,-1
888,-1,0,-1,-1,-1,-1,0,-1,0,-1,0,0,-1,0,0,-1,-1
889,-1,1,-1,-1,-1,-1,0,-1,0,-1,0,0,-1,0,0,-1,-1
890,-1,0,-1,-1,-1,-1,0,-1,0,-1,0,0,-1,0,0,-1,-1
891,-1,0,-1,-1,-1,-1,0,-1,0,-1,0,1,-1,1,0,-1,-1
892,-1,1,-1,-1,-1,-1,1,-1,1,-1,1,1,-1,1,0,-1,-1
893,-1,0,-1,-1,-1,-1,0,-1,0,-1,0,0,-1,0,0,-1,-1
894,-1,1,-1,-1,-1,-1,0,-1,0,-1,0,1,-1,0,0,-1,-1
895,-1,0,-1,-1,-1,-1,0,-1,0,-1,0,0,-1,0,0,-1,-1
896,-1,1,-1,-1,-1,-1,0,-1,0,-1,0,0,-1,0,0,-1,-1
897,-1,1,-1,-1,-1,-1,0,-1,0,-1,0,0,-1,0,0,-1,-1
898,-1,0,-1,-1,-1,-1,0,-1,0,-1,0,0,-1,0,0,-1,-1
899,-1,1,-1,-1,-1,-1,1,-1,1,-1,1,1,-1,0,0,-1,-1
900,-1,0,-1,-1,-1,-1,0,-1,0,-1,0,0,-1,0,0,-1,-1
901,-1,1,-1,-1,-1,-1,0,-1,0,-1,0,1,-1,1,0,-1,-1
902,-1,0,-1,-1,-1,-1,0,-1,0,-1,0,0,-1,0,0,-1,-1
903,-1,1,-1,-1,-1,-1,1,-1,1,-1,1,1,-1,1,0,-1,-1
904,-1,1,-1,-1,-1,-1,0,-1,0,-1,0,1,-1,1,0,-1,-1
905,-1,1,-1,-1,-1,-1,0,-1,0,-1,0,0,-1,0,0,-1,-1
906,-1,1,-1,-1,-1,-1,0,-1,0,-1,1,1,-1,0,0,-1,-1
907,-1,0,-1,-1,-1,-1,0,-1,0,-1,0,0,-1,0,0,-1,-1
908,-1,1,-1,-1,-1,-1,1,-1,0,-1,1,1,-1,0,0,-1,-1
909,-1,1,-1,-1,-1,-1,0,-1,0,-1,1,0,-1,0,0,-1,-1
910,-1,1,-1,-1,-1,-1,1,-1,0,-1,1,1,-1,0,0,-1,-1
911,-1,0,-1,-1,-1,-1,0,-1,0,-1,0,0,-1,0,0,-1,-1
912,-1,1,-1,-1,-1,-1,0,-1,0,-1,0,0,-1,0,0,-1,-1
913,-1,0,-1,-1,-1,-1,0,-1,0,-1,0,0,-1,0,0,-1,-1
914,-1,1,-1,-1,-1,-1,0,-1,0,-1,0,0,-1,0,0,-1,-1
915,-1,1,-1,-1,-1,-1,0,-1,0,-1,0,0,-1,0,0,-1,-1
916,-1,1,-1,-1,-1,-1,0,-1,0,-1,0,1,-1,0,0,-1,-1
917,-1,1,-1,-1,-1,-1,0,-1,0,-1,1,1,-1,0,0,-1,-1
918,-1,1,-1,-1,-1,-1,0,-1,0,-1,0,0,-1,0,0,-1,-1
919,-1,1,-1,-1,-1,-1,0,-1,0,-1,1,1,-1,0,0,-1,-1
920,-1,0,-1,-1,-1,-1,0,-1,0,-1,0,0,-1,0,0,-1,-1
921,-1,1,-1,-1,-1,-1,0,-1,0,-1,0,0,-1,1,0,-1,-1
922,-1,1,-1,-1,-1,-1,1,-1,1,-1,1,1,-1,1,0,-1,-1
923,-1,1,-1,-1,-1,-1,0,-1,0,-1,1,0,-1,0,0,-1,-1
924,-1,1,-1,-1,-1,-1,0,-1,0,-1,0,1,-1,1,0,-1,-1
925,-1,0,-1,-1,-1,-1,0,-1,0,-1,0,0,-1,0,0,-1,-1
926,-1,1,-1,-1,-1,-1,1,-1,1,-1,1,1,-1,1,0,-1,-1
927,-1,1,-1,-1,-1,-1,1,-1,1,-1,1,1,-1,0,0,-1,-1
928,-1,0,-1,-1,-1,-1,0,-1,0,-1,1,0,-1,1,0,-1,-1
929,-1,1,-1,-1,-1,-1,1,-1,1,-1,1,1,-1,1,0,-1,-1
930,-1,1,-1,-1,-1,-1,0,-1,0,-1,1,1,-1,0,0,-1,-1
931,-1,0,-1,-1,-1,-1,0,-1,0,-1,0,0,-1,0,0,-1,-1
932,-1,1,-1,-1,-1,-1,0,-1,0,-1,0,0,-1,0,0,-1,-1
933,-1,1,-1,-1,-1,-1,1,-1,1,-1,1,1,-1,1,0,-1,-1
934,-1,1,-1,-1,-1,-1,0,-1,0,-1,1,0,-1,1,0,-1,-1
935,-1,1,-1,-1,-1,-1,0,-1,0,-1,0,0,-1,1,0,-1,-1
936,-1,1,-1,-1,-1,-1,0,-1,0,-1,0,0,-1,0,0,-1,-1
937,-1,0,-1,-1,-1,-1,0,-1,0,-1,0,0,-1,0,0,-1,-1
938,-1,1,-1,-1,-1,-1,0,-1,0,-1,0,0,-1,0,0,-1,-1
939,-1,0,-1,-1,-1,-1,0,-1,0,-1,0,0,-1,0,0,-1,-1
940,-1,0,-1,-1,-1,-1,0,-1,0,-1,0,0,-1,0,0,-1,-1
941,-1,1,-1,-1,-1,-1,0,-1,0,-1,0,0,-1,0,0,-1,-1
942,-1,1,-1,-1,-1,-1,1,-1,1,-1,1,1,-1,1,0,-1,-1
943,-1,0,-1,-1,-1,-1,0,-1,0,-1,0,0,-1,0,0,-1,-1
944,-1,1,-1,-1,-1,-1,0,-1,0,-1,0,0,-1,0,0,-1,-1
945,-1,0,-1,-1,-1,-1,0,-1,0,-1,1,0,-1,0,0,-1,-1
946,-1,0,-1,-1,-1,-1,0,-1,0,-1,0,0,-1,0,0,-1,-1
947,-1,1,-1,-1,-1,-1,0,-1,0,-1,0,0,-1,0,0,-1,-1
948,-1,0,-1,-1,-1,-1,0,-1,0,-1,0,0,-1,0,0,-1,-1
949,-1,0,-1,-1,-1,-1,0,-1,0,-1,0,0,-1,0,0,-1,-1
950,-1,0,-1,-1,-1,-1,0,-1,0,-1,0,0,-1,0,0,-1,-1
951,-1,0,-1,-1,-1,-1,0,-1,0,-1,0,0,-1,0,0,-1,-1
952,-1,1,-1,-1,-1,-1,0,-1,0,-1,0,0,-1,0,0,-1,-1
953,-1,0,-1,-1,-1,-1,0,-1,0,-1,0,0,-1,0,0,-1,-1
954,-1,0,-1,-1,-1,-1,0,-1,0,-1,0,0,-1,0,0,-1,-1
955,-1,1,-1,-1,-1,-1,1,-1,1,-1,1,1,-1,0,0,-1,-1
956,-1,1,-1,-1,-1,-1,0,-1,0,-1,0,0,-1,0,0,-1,-1
957,-1,1,-1,-1,-1,-1,0,-1,0,-1,0,0,-1,1,0,-1,-1
958,-1,0,-1,-1,-1,-1,0,-1,0,-1,0,0,-1,0,0,-1,-1
959,-1,1,-1,-1,-1,-1,0,-1,0,-1,1,0,-1,0,0,-1,-1
960,-1,1,-1,-1,-1,-1,0,-1,0,-1,0,1,-1,1,0,-1,-1
961,-1,1,-1,-1,-1,-1,0,-1,0,-1,1,1,-1,0,0,-1,-1
962,-1,1,-1,-1,-1,-1,0,-1,0,-1,0,0,-1,0,0,-1,-1
963,-1,1,-1,-1,-1,-1,0,-1,0,-1,0,0,-1,0,0,-1,-1
964,-1,0,-1,-1,-1,-1,0,-1,0,-1,0,0,-1,0,0,-1,-1
965,-1,0,-1,-1,-1,-1,0,-1,0,-1,0,0,-1,0,0,-1,-1
966,-1,1,-1,-1,-1,-1,0,-1,0,-1,0,0,-1,0,0,-1,-1
967,-1,0,-1,-1,-1,-1,0,-1,0,-1,0,0,-1,0,0,-1,-1
968,-1,0,-1,-1,-1,-1,0,-1,0,-1,0,0,-1,0,0,-1,-1
969,-1,0,-1,-1,-1,-1,0,-1,0,-1,0,0,-1,0,0,-1,-1
970,-1,1,-1,-1,-1,-1,0,-1,0,-1,0,0,-1,0,0,-1,-1
971,-1,0,-1,-1,-1,-1,0,-1,0,-1,0,0,-1,0,0,-1,-1
972,-1,0,-1,-1,-1,-1,0,-1,0,-1,0,0,-1,0,0,-1,-1
973,-1,1,-1,-1,-1,-1,0,-1,0,-1,0,0,-1,0,0,-1,-1
974,-1,0,-1,-1,-1,-1,0,-1,0,-1,0,0,-1,0,0,-1,-1
975,-1,1,-1,-1,-1,-1,1,-1,1,-1,1,1,-1,0,0,-1,-1
976,-1,1,-1,-1,-1,-1,0,-1,0,-1,0,1,-1,0,0,-1,-1
977,-1,0,-1,-1,-1,-1,0,-1,0,-1,0,0,-1,0,0,-1,-1
978,-1,1,-1,-1,-1,-1,1,-1,1,-1,1,1,-1,0,0,-1,-1
979,-1,1,-1,-1,-1,-1,0,-1,0,-1,0,0,-1,0,0,-1,-1
980,-1,0,-1,-1,-1,-1,0,-1,0,-1,0,0,-1,0,0,-1,-1
981,-1,1,-1,-1,-1,-1,1,-1,1,-1,1,1,-1,1,0,-1,-1
982,-1,1,-1,-1,-1,-1,1,-1,1,-1,1,1,-1,0,0,-1,-1
983,-1,1,-1,-1,-1,-1,0,-1,0,-1,0,0,-1,1,0,-1,-1
984,-1,1,-1,-1,-1,-1,1,-1,1,-1,1,1,-1,0,0,-1,-1
985,-1,1,-1,-1,-1,-1,0,-1,0,-1,0,1,-1,1,0,-1,-1
986,-1,1,-1,-1,-1,-1,1,-1,1,-1,1,1,-1,0,0,-1,-1
987,-1,1,-1,-1,-1,-1,0,-1,0,-1,1,0,-1,0,0,-1,-1
988,-1,1,-1,-1,-1,-1,0,-1,0,-1,0,0,-1,0,0,-1,-1
989,-1,1,-1,-1,-1,-1,0,-1,0,-1,0,0,-1,1,0,-1,-1
990,-1,1,-1,-1,-1,-1,0,-1,0,-1,0,0,-1,0,0,-1,-1
991,-1,0,-1,-1,-1,-1,0,-1,0,-1,0,0,-1,0,0,-1,-1
992,-1,1,-1,-1,-1,-1,0,-1,0,-1,0,0,-1,0,0,-1,-1
993,-1,1,-1,-1,-1,-1,0,-1,0,-1,0,0,-1,0,0,-1,-1
994,-1,1,-1,-1,-1,-1,0,-1,0,-1,0,0,-1,0,0,-1,-1
995,-1,1,-1,-1,-1,-1,0,-1,0,-1,0,0,-1,0,0,-1,-1
996,-1,1,-1,-1,-1,-1,0,-1,0,-1,0,1,-1,0,0,-1,-1
997,-1,1,-1,-1,-1,-1,0,-1,0,-1,0,0,-1,0,0,-1,-1
998,-1,1,-1,-1,-1,-1,0,-1,0,-1,0,0,-1,0,0,-1,-1
999,-1,1,-1,-1,-1,-1,0,-1,0,-1,0,1,-1,1,0,-1,-1
1000,-1,1,-1,-1,-1,-1,0,-1,0,-1,0,0,-1,0,0,-1,-1
1001,-1,1,-1,-1,-1,-1,0,-1,0,-1,0,1,-1,0,0,-1,-1
1002,-1,0,-1,-1,-1,-1,0,-1,0,-1,0,0,-1,0,0,-1,-1
1003,-1,1,-1,-1,-1,-1,0,-1,0,-1,0,0,-1,0,0,-1,-1
1004,-1,1,-1,-1,-1,-1,0,-1,0,-1,0,0,-1,0,0,-1,-1
1005,-1,1,-1,-1,-1,-1,0,-1,0,-1,0,0,-1,0,0,-1,-1
1006,-1,1,-1,-1,-1,-1,0,-1,0,-1,0,1,-1,1,0,-1,-1
1007,-1,1,-1,-1,-1,-1,1,-1,1,-1,1,1,-1,0,0,-1,-1
1008,-1,1,-1,-1,-1,-1,1,-1,1,-1,1,1,-1,1,0,-1,-1
1009,-1,0,-1,-1,-1,-1,0,-1,0,-1,0,0,-1,0,0,-1,-1
1010,-1,0,-1,-1,-1,-1,0,-1,0,-1,0,0,-1,0,0,-1,-1
1011,-1,1,-1,-1,-1,-1,0,-1,0,-1,0,0,-1,0,0,-1,-1
1012,-1,0,-1,-1,-1,-1,0,-1,0,-1,0,0,-1,0,0,-1,-1
1013,-1,1,-1,-1,-1,-1,1,-1,1,-1,1,1,-1,1,1,-1,-1
1014,-1,0,-1,-1,-1,-1,0,-1,0,-1,0,0,-1,0,0,-1,-1
1015,-1,1,-1,-1,-1,-1,0,-1,0,-1,0,0,-1,0,0,-1,-1
1016,-1,1,-1,-1,-1,-1,0,-1,0,-1,0,0,-1,0,0,-1,-1
1017,-1,1,-1,-1,-1,-1,0,-1,0,-1,0,0,-1,0,0,-1,-1
1018,-1,1,-1,-1,-1,-1,0,-1,0,-1,1,1,-1,0,0,-1,-1
1019,-1,1,-1,-1,-1,-1,1,-1,1,-1,1,1,-1,0,0,-1,-1
1020,-1,0,-1,-1,-1,-1,0,-1,0,-1,0,0,-1,0,0,-1,-1
1021,-1,1,-1,-1,-1,-1,0,-1,0,-1,0,0,-1,0,0,-1,-1
1022,-1,1,-1,-1,-1,-1,0,-1,0,-1,0,0,-1,0,0,-1,-1
1023,-1,1,-1,-1,-1,-1,1,-1,1,-1,1,1,-1,0,0,-1,-1
1024,-1,1,-1,-1,-1,-1,0,-1,0,-1,0,0,-1,0,0,-1,-1
1025,-1,1,-1,-1,-1,-1,1,-1,1,-1,1,1,-1,0,0,-1,-1
1026,-1,1,-1,-1,-1,-1,1,-1,1,-1,1,1,-1,0,0,-1,-1
1027,-1,1,-1,-1,-1,-1,0,-1,0,-1,0,0,-1,0,0,-1,-1
1028,-1,0,-1,-1,-1,-1,0,-1,0,-1,0,0,-1,0,0,-1,-1
1029,-1,0,-1,-1,-1,-1,0,-1,0,-1,0,0,-1,0,0,-1,-1
1030,-1,1,-1,-1,-1,-1,0,-1,0,-1,0,0,-1,0,0,-1,-1
1031,-1,1,-1,-1,-1,-1,0,-1,0,-1,0,0,-1,0,0,-1,-1
1032,-1,1,-1,-1,-1,-1,0,-1,0,-1,0,0,-1,0,0,-1,-1
1033,-1,0,-1,-1,-1,-1,0,-1,0,-1,0,0,-1,0,0,-1,-1
1034,-1,0,-1,-1,-1,-1,0,-1,0,-1,0,0,-1,0,0,-1,-1
1035,-1,0,-1,-1,-1,-1,0,-1,0,-1,0,0,-1,0,0,-1,-1
1036,-1,0,-1,-1,-1,-1,0,-1,0,-1,0,0,-1,0,0,-1,-1
1037,-1,1,-1,-1,-1,-1,0,-1,0,-1,0,0,-1,0,0,-1,-1
1038,-1,1,-1,-1,-1,-1,0,-1,0,-1,1,0,-1,0,0,-1,-1
1039,-1,1,-1,-1,-1,-1,0,-1,0,-1,1,0,-1,0,0,-1,-1
1040,-1,1,-1,-1,-1,-1,0,-1,0,-1,0,0,-1,0,0,-1,-1
1041,-1,1,-1,-1,-1,-1,0,-1,0,-1,0,0,-1,0,0,-1,-1
1042,-1,1,-1,-1,-1,-1,0,-1,0,-1,0,0,-1,0,0,-1,-1
1043,-1,1,-1,-1,-1,-1,0,-1,0,-1,0,0,-1,0,0,-1,-1
1044,-1,1,-1,-1,-1,-1,0,-1,0,-1,0,0,-1,0,0,-1,-1
1045,-1,1,-1,-1,-1,-1,0,-1,0,-1,0,0,-1,0,0,-1,-1
1046,-1,1,-1,-1,-1,-1,0,-1,0,-1,0,1,-1,0,0,-1,-1
1047,-1,0,-1,-1,-1,-1,0,-1,0,-1,0,0,-1,0,0,-1,-1
1048,-1,0,-1,-1,-1,-1,0,-1,0,-1,0,0,-1,0,0,-1,-1
1049,-1,1,-1,-1,-1,-1,1,-1,0,-1,1,0,-1,0,0,-1,-1
1050,-1,1,-1,-1,-1,-1,0,-1,0,-1,0,0,-1,1,0,-1,-1
1051,-1,1,-1,-1,-1,-1,0,-1,0,-1,1,0,-1,0,0,-1,-1
1052,-1,1,-1,-1,-1,-1,0,-1,0,-1,0,0,-1,0,0,-1,-1
1053,-1,1,-1,-1,-1,-1,0,-1,0,-1,0,1,-1,0,0,-1,-1
1054,-1,0,-1,-1,-1,-1,0,-1,0,-1,0,0,-1,0,0,-1,-1
1055,-1,1,-1,-1,-1,-1,0,-1,0,-1,0,1,-1,0,0,-1,-1
1056,-1,1,-1,-1,-1,-1,0,-1,0,-1,0,0,-1,0,0,-1,-1
1057,-1,1,-1,-1,-1,-1,0,-1,0,-1,0,0,-1,0,0,-1,-1
1058,-1,1,-1,-1,-1,-1,0,-1,0,-1,0,0,-1,0,0,-1,-1
1059,-1,0,-1,-1,-1,-1,0,-1,0,-1,0,0,-1,0,0,-1,-1
1060,-1,1,-1,-1,-1,-1,0,-1,0,-1,0,0,-1,0,0,-1,-1
1061,-1,1,-1,-1,-1,-1,0,-1,0,-1,0,1,-1,0,0,-1,-1
1062,-1,0,-1,-1,-1,-1,0,-1,0,-1,0,0,-1,0,0,-1,-1
1063,-1,1,-1,-1,-1,-1,0,-1,0,-1,0,1,-1,0,0,-1,-1
1064,-1,0,-1,-1,-1,-1,0,-1,0,-1,0,0,-1,0,0,-1,-1
1065,-1,0,-1,-1,-1,-1,0,-1,0,-1,0,1,-1,0,0,-1,-1
1066,-1,1,-1,-1,-1,-1,0,-1,0,-1,0,0,-1,0,0,-1,-1
1067,-1,0,-1,-1,-1,-1,0,-1,0,-1,0,0,-1,0,0,-1,-1
1068,-1,1,-1,-1,-1,-1,0,-1,0,-1,0,0,-1,0,0,-1,-1
1069,-1,0,-1,-1,-1,-1,0,-1,0,-1,0,0,-1,0,0,-1,-1
1070,-1,1,-1,-1,-1,-1,1,-1,1,-1,1,1,-1,1,0,-1,-1
1071,-1,1,-1,-1,-1,-1,0,-1,0,-1,0,0,-1,0,0,-1,-1
1072,-1,0,-1,-1,-1,-1,0,-1,0,-1,0,0,-1,0,0,-1,-1
1073,-1,0,-1,-1,-1,-1,0,-1,0,-1,0,0,-1,0,0,-1,-1
1074,-1,1,-1,-1,-1,-1,0,-1,0,-1,0,0,-1,0,0,-1,-1
1075,-1,0,-1,-1,-1,-1,0,-1,0,-1,0,0,-1,0,0,-1,-1
1076,-1,1,-1,-1,-1,-1,0,-1,0,-1,0,0,-1,1,0,-1,-1
1077,-1,1,-1,-1,-1,-1,1,-1,1,-1,1,1,-1,0,0,-1,-1
1078,-1,1,-1,-1,-1,-1,0,-1,0,-1,0,0,-1,1,0,-1,-1
1079,-1,1,-1,-1,-1,-1,0,-1,0,-1,0,0,-1,0,0,-1,-1
1080,-1,1,-1,-1,-1,-1,0,-1,0,-1,1,0,-1,0,0,-1,-1
1081,-1,0,-1,-1,-1,-1,0,-1,0,-1,1,1,-1,0,0,-1,-1
1082,-1,0,-1,-1,-1,-1,0,-1,0,-1,1,0,-1,0,0,-1,-1
1083,-1,1,-1,-1,-1,-1,0,-1,0,-1,0,0,-1,0,0,-1,-1
1084,-1,1,-1,-1,-1,-1,1,-1,1,-1,1,1,-1,1,0,-1,-1
1085,-1,0,-1,-1,-1,-1,0,-1,0,-1,0,0,-1,0,0,-1,-1
1086,-1,1,-1,-1,-1,-1,0,-1,0,-1,0,0,-1,0,0,-1,-1
1087,-1,1,-1,-1,-1,-1,0,-1,0,-1,0,0,-1,0,0,-1,-1
1088,-1,0,-1,-1,-1,-1,0,-1,0,-1,0,0,-1,0,0,-1,-1
1089,-1,0,-1,-1,-1,-1,0,-1,0,-1,0,0,-1,0,0,-1,-1
1090,-1,1,-1,-1,-1,-1,0,-1,0,-1,0,0,-1,0,0,-1,-1
1091,-1,1,-1,-1,-1,-1,0,-1,0,-1,0,0,-1,0,0,-1,-1
1092,-1,1,-1,-1,-1,-1,0,-1,0,-1,0,0,-1,0,0,-1,-1
1093,-1,0,-1,-1,-1,-1,0,-1,0,-1,0,0,-1,0,0,-1,-1
1094,-1,1,-1,-1,-1,-1,0,-1,1,-1,1,0,-1,0,0,-1,-1
1095,-1,1,-1,-1,-1,-1,0,-1,0,-1,0,0,-1,0,0,-1,-1
1096,-1,1,-1,-1,-1,-1,0,-1,0,-1,0,0,-1,0,0,-1,-1
1097,-1,1,-1,-1,-1,-1,0,-1,0,-1,0,0,-1,0,0,-1,-1
1098,-1,0,-1,-1,-1,-1,0,-1,0,-1,0,0,-1,0,0,-1,-1
1099,-1,1,-1,-1,-1,-1,0,-1,0,-1,0,0,-1,0,0,-1,-1
1100,-1,0,-1,-1,-1,-1,0,-1,0,-1,1,1,-1,1,0,-1,-1
1101,-1,1,-1,-1,-1,-1,1,-1,1,-1,1,1,-1,1,0,-1,-1
1102,-1,1,-1,-1,-1,-1,0,-1,0,-1,1,0,-1,0,0,-1,-1
1103,-1,0,-1,-1,-1,-1,0,-1,0,-1,0,0,-1,0,0,-1,-1
1104,-1,1,-1,-1,-1,-1,0,-1,0,-1,0,0,-1,0,0,-1,-1
1105,-1,1,-1,-1,-1,-1,0,-1,0,-1,0,0,-1,0,0,-1,-1
1106,-1,1,-1,-1,-1,-1,0,-1,0,-1,1,0,-1,0,0,-1,-1
1107,-1,0,-1,-1,-1,-1,0,-1,0,-1,1,0,-1,0,0,-1,-1
1108,-1,0,-1,-1,-1,-1,0,-1,0,-1,0,0,-1,0,0,-1,-1
1109,-1,1,-1,-1,-1,-1,0,-1,0,-1,0,0,-1,0,0,-1,-1
1110,-1,1,-1,-1,-1,-1,0,-1,0,-1,0,0,-1,0,0,-1,-1
1111,-1,0,-1,-1,-1,-1,0,-1,0,-1,0,0,-1,0,0,-1,-1
1112,-1,0,-1,-1,-1,-1,0,-1,0,-1,0,0,-1,0,0,-1,-1
1113,-1,1,-1,-1,-1,-1,1,-1,1,-1,1,0,-1,0,0,-1,-1
1114,-1,1,-1,-1,-1,-1,0,-1,0,-1,0,0,-1,0,0,-1,-1
1115,-1,1,-1,-1,-1,-1,0,-1,0,-1,0,0,-1,0,0,-1,-1
1116,-1,0,-1,-1,-1,-1,0,-1,0,-1,0,0,-1,0,0,-1,-1
1117,-1,0,-1,-1,-1,-1,0,-1,0,-1,0,0,-1,0,0,-1,-1
1118,-1,0,-1,-1,-1,-1,0,-1,0,-1,0,0,-1,0,0,-1,-1
1119,-1,1,-1,-1,-1,-1,1,-1,1,-1,1,1,-1,0,0,-1,-1
1120,-1,1,-1,-1,-1,-1,0,-1,0,-1,0,0,-1,0,0,-1,-1
1121,-1,1,-1,-1,-1,-1,0,-1,0,-1,0,0,-1,0,0,-1,-1
1122,-1,1,-1,-1,-1,-1,0,-1,1,-1,0,0,-1,0,0,-1,-1
1123,-1,0,-1,-1,-1,-1,0,-1,0,-1,0,0,-1,0,0,-1,-1
1124,-1,1,-1,-1,-1,-1,0,-1,0,-1,0,0,-1,0,0,-1,-1
1125,-1,1,-1,-1,-1,-1,0,-1,0,-1,1,0,-1,0,0,-1,-1
1126,-1,1,-1,-1,-1,-1,1,-1,1,-1,1,1,-1,0,0,-1,-1
1127,-1,1,-1,-1,-1,-1,0,-1,0,-1,0,0,-1,0,0,-1,-1
1128,-1,0,-1,-1,-1,-1,0,-1,0,-1,0,0,-1,0,0,-1,-1
1129,-1,1,-1,-1,-1,-1,0,-1,0,-1,0,0,-1,0,0,-1,-1
1130,-1,1,-1,-1,-1,-1,0,-1,0,-1,0,0,-1,0,0,-1,-1
1131,-1,0,-1,-1,-1,-1,0,-1,0,-1,0,0,-1,0,0,-1,-1
1132,-1,1,-1,-1,-1,-1,0,-1,0,-1,1,0,-1,0,0,-1,-1
1133,-1,0,-1,-1,-1,-1,0,-1,0,-1,0,0,-1,0,0,-1,-1
1134,-1,1,-1,-1,-1,-1,0,-1,0,-1,0,0,-1,0,0,-1,-1
1135,-1,1,-1,-1,-1,-1,0,-1,0,-1,0,0,-1,0,0,-1,-1
1136,-1,0,-1,-1,-1,-1,0,-1,0,-1,0,0,-1,0,0,-1,-1
1137,-1,1,-1,-1,-1,-1,0,-1,0,-1,0,0,-1,0,0,-1,-1
1138,-1,1,-1,-1,-1,-1,0,-1,0,-1,0,0,-1,0,0,-1,-1
1139,-1,0,-1,-1,-1,-1,0,-1,0,-1,0,0,-1,0,0,-1,-1
1140,-1,0,-1,-1,-1,-1,0,-1,0,-1,0,0,-1,0,0,-1,-1
1141,-1,1,-1,-1,-1,-1,0,-1,0,-1,0,0,-1,0,0,-1,-1
1142,-1,0,-1,-1,-1,-1,0,-1,0,-1,0,0,-1,0,0,-1,-1
1143,-1,1,-1,-1,-1,-1,0,-1,0,-1,0,1,-1,1,0,-1,-1
1144,-1,1,-1,-1,-1,-1,0,-1,0,-1,1,0,-1,0,0,-1,-1
1145,-1,0,-1,-1,-1,-1,0,-1,0,-1,0,0,-1,0,0,-1,-1
1146,-1,1,-1,-1,-1,-1,0,-1,0,-1,0,1,-1,1,0,-1,-1
1147,-1,1,-1,-1,-1,-1,1,-1,1,-1,1,1,-1,0,0,-1,-1
1148,-1,1,-1,-1,-1,-1,0,-1,0,-1,0,0,-1,0,0,-1,-1
1149,-1,1,-1,-1,-1,-1,0,-1,0,-1,0,0,-1,0,0,-1,-1
1150,-1,0,-1,-1,-1,-1,0,-1,0,-1,0,0,-1,0,0,-1,-1
1151,-1,0,-1,-1,-1,-1,0,-1,0,-1,0,0,-1,0,0,-1,-1
1152,-1,0,-1,-1,-1,-1,0,-1,0,-1,0,0,-1,0,0,-1,-1
1153,-1,1,-1,-1,-1,-1,0,-1,0,-1,1,1,-1,0,0,-1,-1
1154,-1,0,-1,-1,-1,-1,0,-1,0,-1,0,0,-1,0,0,-1,-1
1155,-1,0,-1,-1,-1,-1,0,-1,0,-1,1,0,-1,0,0,-1,-1
1156,-1,0,-1,-1,-1,-1,0,-1,0,-1,0,0,-1,0,0,-1,-1
1157,-1,1,-1,-1,-1,-1,0,-1,0,-1,0,0,-1,0,0,-1,-1
1158,-1,1,-1,-1,-1,-1,0,-1,0,-1,0,0,-1,0,0,-1,-1
1159,-1,1,-1,-1,-1,-1,0,-1,0,-1,1,1,-1,1,0,-1,-1
1160,-1,0,-1,-1,-1,-1,0,-1,0,-1,1,0,-1,0,0,-1,-1
1161,-1,1,-1,-1,-1,-1,0,-1,0,-1,0,0,-1,0,0,-1,-1
1162,-1,1,-1,-1,-1,-1,0,-1,0,-1,0,0,-1,0,0,-1,-1
1163,-1,1,-1,-1,-1,-1,0,-1,0,-1,1,1,-1,0,0,-1,-1
1164,-1,0,-1,-1,-1,-1,0,-1,0,-1,0,0,-1,0,0,-1,-1
1165,-1,1,-1,-1,-1,-1,0,-1,0,-1,0,0,-1,0,0,-1,-1
1166,-1,0,-1,-1,-1,-1,0,-1,0,-1,0,0,-1,0,0,-1,-1
1167,-1,1,-1,-1,-1,-1,0,-1,0,-1,0,0,-1,0,0,-1,-1
1168,-1,1,-1,-1,-1,-1,0,-1,0,-1,0,0,-1,0,0,-1,-1
1169,-1,1,-1,-1,-1,-1,0,-1,0,-1,0,0,-1,0,0,-1,-1
1170,-1,1,-1,-1,-1,-1,0,-1,0,-1,0,0,-1,0,0,-1,-1
1171,-1,1,-1,-1,-1,-1,0,-1,0,-1,0,0,-1,0,0,-1,-1
1172,-1,1,-1,-1,-1,-1,0,-1,0,-1,0,0,-1,0,0,-1,-1
1173,-1,1,-1,-1,-1,-1,0,-1,0,-1,0,0,-1,0,0,-1,-1
1174,-1,1,-1,-1,-1,-1,0,-1,0,-1,0,0,-1,0,0,-1,-1
1175,-1,1,-1,-1,-1,-1,0,-1,0,-1,0,0,-1,0,0,-1,-1
1176,-1,0,-1,-1,-1,-1,0,-1,0,-1,0,0,-1,0,0,-1,-1
1177,-1,1,-1,-1,-1,-1,0,-1,0,-1,1,0,-1,0,0,-1,-1
1178,-1,1,-1,-1,-1,-1,0,-1,0,-1,0,0,-1,0,0,-1,-1
1179,-1,1,-1,-1,-1,-1,0,-1,0,-1,0,1,-1,1,0,-1,-1
1180,-1,1,-1,-1,-1,-1,0,-1,0,-1,0,0,-1,0,0,-1,-1
1181,-1,1,-1,-1,-1,-1,0,-1,0,-1,1,0,-1,0,0,-1,-1
1182,-1,1,-1,-1,-1,-1,0,-1,0,-1,0,0,-1,0,0,-1,-1
1183,-1,0,-1,-1,-1,-1,0,-1,0,-1,0,0,-1,0,0,-1,-1
1184,-1,0,-1,-1,-1,-1,0,-1,0,-1,0,0,-1,0,0,-1,-1
1185,-1,0,-1,-1,-1,-1,0,-1,0,-1,0,0,-1,0,0,-1,-1
1186,-1,1,-1,-1,-1,-1,0,-1,0,-1,1,0,-1,0,0,-1,-1
1187,-1,1,-1,-1,-1,-1,0,-1,0,-1,0,0,-1,0,0,-1,-1
1188,-1,1,-1,-1,-1,-1,0,-1,0,-1,0,0,-1,0,0,-1,-1
1189,-1,0,-1,-1,-1,-1,0,-1,0,-1,0,0,-1,0,0,-1,-1
1190,-1,0,-1,-1,-1,-1,0,-1,0,-1,0,0,-1,0,0,-1,-1
1191,-1,0,-1,-1,-1,-1,0,-1,0,-1,0,0,-1,0,0,-1,-1
1192,-1,1,-1,-1,-1,-1,0,-1,0,-1,0,1,-1,1,0,-1,-1
1193,-1,1,-1,-1,-1,-1,0,-1,0,-1,0,0,-1,0,0,-1,-1
1194,-1,1,-1,-1,-1,-1,0,-1,0,-1,0,0,-1,0,0,-1,-1
1195,-1,1,-1,-1,-1,-1,0,-1,0,-1,0,0,-1,0,0,-1,-1
1196,-1,1,-1,-1,-1,-1,0,-1,0,-1,0,0,-1,0,0,-1,-1
1197,-1,0,-1,-1,-1,-1,0,-1,0,-1,0,0,-1,0,0,-1,-1
1198,-1,0,-1,-1,-1,-1,0,-1,0,-1,0,0,-1,0,0,-1,-1
1199,-1,0,-1,-1,-1,-1,0,-1,0,-1,0,0,-1,0,0,-1,-1
1200,-1,1,-1,-1,-1,-1,0,-1,0,-1,0,0,-1,0,0,-1,-1
1201,-1,0,-1,-1,-1,-1,0,-1,0,-1,0,0,-1,0,0,-1,-1
1202,-1,1,-1,-1,-1,-1,0,-1,0,-1,0,0,-1,0,0,-1,-1
1203,-1,1,-1,-1,-1,-1,0,-1,0,-1,0,0,-1,0,0,-1,-1
1204,-1,0,-1,-1,-1,-1,0,-1,0,-1,0,0,-1,0,0,-1,-1
1205,-1,1,-1,-1,-1,-1,0,-1,0,-1,0,0,-1,0,0,-1,-1
1206,-1,1,-1,-1,-1,-1,0,-1,0,-1,0,0,-1,0,0,-1,-1
1207,-1,1,-1,-1,-1,-1,0,-1,0,-1,0,0,-1,0,0,-1,-1
1208,-1,1,-1,-1,-1,-1,0,-1,0,-1,0,0,-1,0,0,-1,-1
1209,-1,1,-1,-1,-1,-1,0,-1,0,-1,0,0,-1,0,0,-1,-1
1210,-1,1,-1,-1,-1,-1,0,-1,0,-1,0,0,-1,1,0,-1,-1
1211,-1,0,-1,-1,-1,-1,0,-1,0,-1,0,0,-1,0,0,-1,-1
1212,-1,0,-1,-1,-1,-1,0,-1,0,-1,1,0,-1,0,0,-1,-1
1213,-1,1,-1,-1,-1,-1,0,-1,0,-1,0,1,-1,1,0,-1,-1
1214,-1,0,-1,-1,-1,-1,0,-1,0,-1,0,0,-1,0,0,-1,-1
1215,-1,0,-1,-1,-1,-1,0,-1,0,-1,0,0,-1,0,0,-1,-1
1216,-1,1,-1,-1,-1,-1,0,-1,0,-1,0,1,-1,0,0,-1,-1
1217,-1,1,-1,-1,-1,-1,0,-1,0,-1,0,0,-1,0,0,-1,-1
1218,-1,1,-1,-1,-1,-1,0,-1,0,-1,0,0,-1,0,0,-1,-1
1219,-1,1,-1,-1,-1,-1,1,-1,1,-1,1,1,-1,0,0,-1,-1
1220,-1,0,-1,-1,-1,-1,0,-1,0,-1,0,0,-1,0,0,-1,-1
1221,-1,1,-1,-1,-1,-1,0,-1,0,-1,0,0,-1,0,0,-1,-1
1222,-1,0,-1,-1,-1,-1,0,-1,0,-1,0,0,-1,0,0,-1,-1
1223,-1,0,-1,-1,-1,-1,0,-1,0,-1,0,0,-1,0,0,-1,-1
1224,-1,0,-1,-1,-1,-1,0,-1,0,-1,0,0,-1,0,0,-1,-1
1225,-1,1,-1,-1,-1,-1,1,-1,1,-1,1,1,-1,1,0,-1,-1
1226,-1,0,-1,-1,-1,-1,0,-1,0,-1,0,0,-1,0,0,-1,-1
1227,-1,0,-1,-1,-1,-1,0,-1,0,-1,0,0,-1,0,0,-1,-1
1228,-1,1,-1,-1,-1,-1,1,-1,1,-1,1,1,-1,0,0,-1,-1
1229,-1,1,-1,-1,-1,-1,0,-1,0,-1,0,0,-1,0,0,-1,-1
1230,-1,0,-1,-1,-1,-1,0,-1,0,-1,0,0,-1,0,0,-1,-1
1231,-1,1,-1,-1,-1,-1,0,-1,0,-1,0,0,-1,0,0,-1,-1
1232,-1,0,-1,-1,-1,-1,0,-1,0,-1,0,0,-1,0,0,-1,-1
1233,-1,1,-1,-1,-1,-1,1,-1,1,-1,1,0,-1,0,0,-1,-1
1234,-1,1,-1,-1,-1,-1,0,-1,0,-1,0,0,-1,0,0,-1,-1
1235,-1,0,-1,-1,-1,-1,0,-1,0,-1,0,0,-1,0,0,-1,-1
1236,-1,0,-1,-1,-1,-1,0,-1,0,-1,0,0,-1,0,0,-1,-1
1237,-1,1,-1,-1,-1,-1,0,-1,0,-1,0,0,-1,0,0,-1,-1
1238,-1,0,-1,-1,-1,-1,0,-1,0,-1,0,0,-1,0,0,-1,-1
1239,-1,1,-1,-1,-1,-1,0,-1,0,-1,0,0,-1,0,0,-1,-1
1240,-1,0,-1,-1,-1,-1,0,-1,0,-1,0,0,-1,0,0,-1,-1
1241,-1,1,-1,-1,-1,-1,0,-1,0,-1,0,0,-1,0,0,-1,-1
1242,-1,0,-1,-1,-1,-1,0,-1,0,-1,0,0,-1,0,0,-1,-1
1243,-1,1,-1,-1,-1,-1,0,-1,0,-1,0,0,-1,0,0,-1,-1
1244,-1,0,-1,-1,-1,-1,0,-1,0,-1,0,0,-1,0,0,-1,-1
1245,-1,0,-1,-1,-1,-1,0,-1,0,-1,0,1,-1,0,0,-1,-1
1246,-1,1,-1,-1,-1,-1,0,-1,0,-1,0,0,-1,0,0,-1,-1
1247,-1,1,-1,-1,-1,-1,0,-1,0,-1,0,1,-1,0,0,-1,-1
1248,-1,0,-1,-1,-1,-1,0,-1,0,-1,0,0,-1,0,0,-1,-1
1249,-1,0,-1,-1,-1,-1,0,-1,0,-1,0,0,-1,0,0,-1,-1
1250,-1,0,-1,-1,-1,-1,0,-1,0,-1,0,0,-1,0,0,-1,-1
1251,-1,1,-1,-1,-1,-1,0,-1,0,-1,0,0,-1,0,0,-1,-1
1252,-1,1,-1,-1,-1,-1,0,-1,0,-1,0,0,-1,0,0,-1,-1
1253,-1,1,-1,-1,-1,-1,0,-1,0,-1,0,1,-1,0,0,-1,-1
1254,-1,1,-1,-1,-1,-1,0,-1,0,-1,0,0,-1,0,0,-1,-1
1255,-1,1,-1,-1,-1,-1,0,-1,0,-1,0,0,-1,0,0,-1,-1
1256,-1,0,-1,-1,-1,-1,0,-1,0,-1,0,0,-1,0,0,-1,-1
1257,-1,1,-1,-1,-1,-1,1,-1,1,-1,1,1,-1,0,0,-1,-1
1258,-1,0,-1,-1,-1,-1,0,-1,0,-1,0,0,-1,0,0,-1,-1
1259,-1,1,-1,-1,-1,-1,0,-1,0,-1,0,0,-1,0,0,-1,-1
1260,-1,0,-1,-1,-1,-1,0,-1,0,-1,0,0,-1,0,0,-1,-1
1261,-1,1,-1,-1,-1,-1,0,-1,0,-1,0,0,-1,0,0,-1,-1
1262,-1,1,-1,-1,-1,-1,0,-1,0,-1,0,0,-1,0,0,-1,-1
1263,-1,0,-1,-1,-1,-1,0,-1,0,-1,0,0,-1,0,0,-1,-1
1264,-1,1,-1,-1,-1,-1,0,-1,0,-1,0,0,-1,0,0,-1,-1
1265,-1,1,-1,-1,-1,-1,0,-1,0,-1,0,0,-1,0,0,-1,-1
1266,-1,1,-1,-1,-1,-1,0,-1,0,-1,0,0,-1,0,0,-1,-1
1267,-1,1,-1,-1,-1,-1,0,-1,0,-1,0,0,-1,1,0,-1,-1
1268,-1,0,-1,-1,-1,-1,0,-1,0,-1,0,1,-1,0,0,-1,-1
1269,-1,1,-1,-1,-1,-1,1,-1,1,-1,1,1,-1,0,0,-1,-1
1270,-1,0,-1,-1,-1,-1,0,-1,0,-1,0,0,-1,0,0,-1,-1
1271,-1,0,-1,-1,-1,-1,0,-1,0,-1,0,0,-1,0,0,-1,-1
1272,-1,1,-1,-1,-1,-1,0,-1,0,-1,0,0,-1,0,0,-1,-1
1273,-1,0,-1,-1,-1,-1,0,-1,0,-1,0,0,-1,0,0,-1,-1
1274,-1,1,-1,-1,-1,-1,0,-1,0,-1,1,1,-1,0,0,-1,-1
1275,-1,1,-1,-1,-1,-1,0,-1,0,-1,0,0,-1,0,0,-1,-1
1276,0,-1,1,0,1,0,0,0,0,-1,0,1,0,0,-1,0,-1
1277,0,-1,1,1,1,0,1,1,1,-1,1,1,0,0,-1,0,-1
1278,-1,1,-1,-1,-1,-1,0,-1,0,-1,0,0,-1,0,0,-1,-1
1279,-1,1,-1,-1,-1,-1,0,-1,0,-1,1,0,-1,0,0,-1,-1
1280,-1,0,-1,-1,-1,-1,0,-1,0,-1,0,0,-1,0,0,-1,-1
1281,-1,1,-1,-1,-1,-1,0,-1,0,-1,0,1,-1,0,0,-1,-1
1282,-1,0,-1,-1,-1,-1,0,-1,0,-1,0,0,-1,0,0,-1,-1
1283,-1,0,-1,-1,-1,-1,0,-1,0,-1,0,0,-1,0,0,-1,-1
1284,-1,0,-1,-1,-1,-1,0,-1,0,-1,0,0,-1,0,0,-1,-1
1285,-1,0,-1,-1,-1,-1,0,-1,0,-1,0,0,-1,0,0,-1,-1
1286,-1,1,-1,-1,-1,-1,0,-1,0,-1,0,0,-1,0,0,-1,-1
1287,-1,1,-1,-1,-1,-1,1,-1,1,-1,1,1,-1,0,0,-1,-1
1288,-1,1,-1,-1,-1,-1,0,-1,0,-1,0,0,-1,0,0,-1,-1
1289,-1,1,-1,-1,-1,-1,0,-1,0,-1,0,0,-1,0,0,-1,-1
1290,-1,0,-1,-1,-1,-1,0,-1,0,-1,0,0,-1,0,0,-1,-1
1291,-1,0,-1,-1,-1,-1,0,-1,0,-1,0,0,-1,0,0,-1,-1
1292,-1,1,-1,-1,-1,-1,0,-1,0,-1,0,0,-1,0,0,-1,-1
1293,-1,1,-1,-1,-1,-1,0,-1,0,-1,0,0,-1,0,0,-1,-1
1294,-1,0,-1,-1,-1,-1,0,-1,0,-1,0,0,-1,0,0,-1,-1
1295,-1,1,-1,-1,-1,-1,0,-1,0,-1,0,0,-1,0,0,-1,-1
1296,-1,1,-1,-1,-1,-1,1,-1,0,-1,1,0,-1,0,0,-1,-1
1297,-1,1,-1,-1,-1,-1,0,-1,0,-1,0,0,-1,0,0,-1,-1
1298,-1,1,-1,-1,-1,-1,0,-1,0,-1,1,0,-1,0,0,-1,-1
1299,-1,1,-1,-1,-1,-1,0,-1,0,-1,0,0,-1,0,0,-1,-1
1300,-1,1,-1,-1,-1,-1,0,-1,0,-1,1,0,-1,1,0,-1,-1
1301,-1,1,-1,-1,-1,-1,0,-1,0,-1,0,0,-1,0,0,-1,-1
1302,-1,1,-1,-1,-1,-1,1,-1,1,-1,1,1,-1,0,0,-1,-1
1303,-1,1,-1,-1,-1,-1,0,-1,0,-1,0,1,-1,1,0,-1,-1
1304,-1,0,-1,-1,-1,-1,0,-1,0,-1,0,0,-1,0,0,-1,-1
1305,-1,1,-1,-1,-1,-1,0,-1,0,-1,0,0,-1,0,0,-1,-1
1306,-1,1,-1,-1,-1,-1,0,-1,0,-1,0,0,-1,0,0,-1,-1
1307,-1,1,-1,-1,-1,-1,0,-1,0,-1,0,0,-1,0,0,-1,-1
1308,-1,0,-1,-1,-1,-1,0,-1,0,-1,0,0,-1,0,0,-1,-1
1309,-1,1,-1,-1,-1,-1,0,-1,0,-1,0,0,-1,0,0,-1,-1
1310,-1,0,-1,-1,-1,-1,0,-1,0,-1,0,0,-1,0,0,-1,-1
1311,-1,1,-1,-1,-1,-1,0,-1,0,-1,0,0,-1,1,0,-1,-1
1312,-1,0,-1,-1,-1,-1,0,-1,0,-1,0,0,-1,0,0,-1,-1
1313,-1,1,-1,-1,-1,-1,0,-1,0,-1,0,0,-1,0,0,-1,-1
1314,-1,1,-1,-1,-1,-1,0,-1,0,-1,0,0,-1,0,0,-1,-1
1315,-1,0,-1,-1,-1,-1,0,-1,0,-1,0,0,-1,0,0,-1,-1
1316,-1,0,-1,-1,-1,-1,0,-1,0,-1,0,1,-1,0,0,-1,-1
1317,-1,0,-1,-1,-1,-1,0,-1,0,-1,0,0,-1,0,0,-1,-1
1318,-1,0,-1,-1,-1,-1,0,-1,0,-1,1,0,-1,0,0,-1,-1
1319,-1,0,-1,-1,-1,-1,0,-1,0,-1,0,0,-1,0,0,-1,-1
1320,-1,1,-1,-1,-1,-1,0,-1,0,-1,0,0,-1,0,0,-1,-1
1321,-1,0,-1,-1,-1,-1,0,-1,0,-1,0,0,-1,0,0,-1,-1
1322,-1,0,-1,-1,-1,-1,0,-1,0,-1,0,0,-1,0,0,-1,-1
1323,-1,0,-1,-1,-1,-1,0,-1,0,-1,0,0,-1,0,0,-1,-1
1324,-1,1,-1,-1,-1,-1,0,-1,0,-1,0,0,-1,0,0,-1,-1
1325,-1,0,-1,-1,-1,-1,0,-1,0,-1,0,0,-1,0,0,-1,-1
1326,-1,0,-1,-1,-1,-1,0,-1,0,-1,0,0,-1,0,0,-1,-1
1327,-1,0,-1,-1,-1,-1,0,-1,0,-1,0,0,-1,0,0,-1,-1
1328,-1,0,-1,-1,-1,-1,0,-1,0,-1,0,0,-1,0,0,-1,-1
1329,-1,1,-1,-1,-1,-1,0,-1,0,-1,0,0,-1,0,0,-1,-1
1330,-1,1,-1,-1,-1,-1,0,-1,0,-1,0,0,-1,0,0,-1,-1
1331,0,-1,1,0,0,0,0,0,0,-1,0,0,0,0,-1,0,-1
1332,-1,0,-1,-1,-1,-1,0,-1,0,-1,0,0,-1,0,0,-1,-1
1333,-1,0,-1,-1,-1,-1,0,-1,0,-1,0,0,-1,0,0,-1,-1
1334,-1,0,-1,-1,-1,-1,0,-1,0,-1,0,0,-1,0,0,-1,-1
1335,-1,1,-1,-1,-1,-1,0,-1,0,-1,1,1,-1,1,0,-1,-1
1336,-1,1,-1,-1,-1,-1,0,-1,0,-1,0,1,-1,0,0,-1,-1
1337,-1,1,-1,-1,-1,-1,0,-1,0,-1,0,0,-1,0,0,-1,-1
1338,-1,1,-1,-1,-1,-1,1,-1,1,-1,1,0,-1,1,0,-1,-1
1339,-1,0,-1,-1,-1,-1,0,-1,0,-1,0,0,-1,0,0,-1,-1
1340,-1,0,-1,-1,-1,-1,0,-1,0,-1,0,0,-1,0,0,-1,-1
1341,-1,0,-1,-1,-1,-1,-1,-1,0,-1,0,0,-1,0,0,-1,-1
1342,0,-1,1,0,0,0,0,0,0,-1,0,0,0,0,-1,0,-1
1343,0,-1,1,0,0,0,0,0,0,-1,0,0,0,0,-1,0,-1
1344,-1,0,-1,-1,-1,-1,0,-1,0,-1,0,1,-1,0,0,-1,-1
1345,-1,1,-1,-1,-1,-1,1,-1,1,-1,1,1,-1,1,0,-1,-1
1346,-1,1,-1,-1,-1,-1,0,-1,0,-1,0,0,-1,0,0,-1,-1
1347,-1,1,-1,-1,-1,-1,0,-1,0,-1,0,0,-1,0,0,-1,-1
1348,-1,0,-1,-1,-1,-1,0,-1,0,-1,0,0,-1,0,0,-1,-1
1349,-1,1,-1,-1,-1,-1,1,-1,1,-1,1,1,-1,0,0,-1,-1
1350,-1,1,-1,-1,-1,-1,0,-1,0,-1,0,0,-1,0,0,-1,-1
1351,-1,1,-1,-1,-1,-1,0,-1,0,-1,0,0,-1,0,0,-1,-1
1352,-1,0,-1,-1,-1,-1,0,-1,0,-1,0,0,-1,0,0,-1,-1
1353,-1,1,-1,-1,-1,-1,0,-1,0,-1,0,0,-1,0,0,-1,-1
1354,-1,1,-1,-1,-1,-1,0,-1,0,-1,0,0,-1,0,0,-1,-1
1355,-1,0,-1,-1,-1,-1,0,-1,0,-1,0,0,-1,0,0,-1,-1
1356,-1,1,-1,-1,-1,-1,0,-1,0,-1,0,0,-1,0,0,-1,-1
1357,-1,1,-1,-1,-1,-1,0,-1,0,-1,0,0,-1,0,0,-1,-1
1358,-1,1,-1,-1,-1,-1,1,-1,1,-1,1,1,-1,1,0,-1,-1
1359,-1,1,-1,-1,-1,-1,0,-1,0,-1,0,0,-1,0,0,-1,-1
1360,-1,1,-1,-1,-1,-1,0,-1,0,-1,0,0,-1,0,0,-1,-1
1361,-1,0,-1,-1,-1,-1,0,-1,0,-1,0,0,-1,0,0,-1,-1
1362,-1,1,-1,-1,-1,-1,0,-1,0,-1,0,1,-1,0,0,-1,-1
1363,-1,0,-1,-1,-1,-1,0,-1,0,-1,0,0,-1,0,0,-1,-1
1364,-1,0,-1,-1,-1,-1,0,-1,0,-1,0,0,-1,0,0,-1,-1
1365,-1,1,-1,-1,-1,-1,0,-1,0,-1,1,0,-1,0,0,-1,-1
1366,-1,0,-1,-1,-1,-1,0,-1,0,-1,1,0,-1,0,0,-1,-1
1367,-1,1,-1,-1,-1,-1,1,-1,1,-1,1,1,-1,1,0,-1,-1
1368,-1,1,-1,-1,-1,-1,1,-1,1,-1,1,1,-1,1,0,-1,-1
1369,-1,0,-1,-1,-1,-1,0,-1,0,-1,0,0,-1,0,0,-1,-1
1370,-1,0,-1,-1,-1,-1,0,-1,0,-1,0,0,-1,0,0,-1,-1
1371,-1,0,-1,-1,-1,-1,0,-1,0,-1,0,0,-1,0,0,-1,-1
1372,-1,1,-1,-1,-1,-1,1,-1,1,-1,1,1,-1,1,0,-1,-1
1373,-1,1,-1,-1,-1,-1,0,-1,0,-1,0,1,-1,0,0,-1,-1
1374,-1,1,-1,-1,-1,-1,0,-1,0,-1,0,0,-1,0,0,-1,-1
1375,-1,0,-1,-1,-1,-1,0,-1,0,-1,0,0,-1,0,0,-1,-1
1376,-1,1,-1,-1,-1,-1,0,-1,0,-1,0,0,-1,0,0,-1,-1
1377,-1,0,-1,-1,-1,-1,0,-1,0,-1,0,0,-1,0,0,-1,-1
1378,-1,1,-1,-1,-1,-1,0,-1,0,-1,1,0,-1,0,0,-1,-1
1379,-1,1,-1,-1,-1,-1,0,-1,0,-1,1,0,-1,1,0,-1,-1
1380,-1,0,-1,-1,-1,-1,0,-1,0,-1,0,0,-1,0,0,-1,-1
1381,-1,1,-1,-1,-1,-1,1,-1,1,-1,1,1,-1,1,0,-1,-1
1382,-1,1,-1,-1,-1,-1,1,-1,0,-1,1,1,-1,0,0,-1,-1
1383,-1,1,-1,-1,-1,-1,0,-1,0,-1,0,0,-1,0,0,-1,-1
1384,-1,1,-1,-1,-1,-1,-1,-1,0,-1,1,0,-1,1,0,-1,-1
1385,-1,1,-1,-1,-1,-1,1,-1,1,-1,1,0,-1,0,0,-1,-1
1386,-1,1,-1,-1,-1,-1,0,-1,0,-1,0,0,-1,0,0,-1,-1
1387,-1,1,-1,-1,-1,-1,0,-1,0,-1,0,0,-1,0,0,-1,-1
1388,-1,1,-1,-1,-1,-1,0,-1,0,-1,0,0,-1,0,0,-1,-1
1389,-1,1,-1,-1,-1,-1,0,-1,0,-1,0,0,-1,0,0,-1,-1
1390,-1,0,-1,-1,-1,-1,0,-1,0,-1,0,0,-1,0,0,-1,-1
1391,-1,0,-1,-1,-1,-1,0,-1,0,-1,0,0,-1,0,0,-1,-1
1392,-1,0,-1,-1,-1,-1,0,-1,0,-1,0,0,-1,0,0,-1,-1
1393,-1,1,-1,-1,-1,-1,0,-1,0,-1,0,1,-1,0,0,-1,-1
1394,-1,0,-1,-1,-1,-1,0,-1,0,-1,0,0,-1,0,0,-1,-1
1395,-1,1,-1,-1,-1,-1,0,-1,0,-1,0,0,-1,0,0,-1,-1
1396,-1,0,-1,-1,-1,-1,0,-1,0,-1,0,1,-1,0,0,-1,-1
1397,-1,1,-1,-1,-1,-1,0,-1,0,-1,1,0,-1,0,0,-1,-1
1398,-1,1,-1,-1,-1,-1,0,-1,0,-1,1,1,-1,0,0,-1,-1
1399,-1,0,-1,-1,-1,-1,0,-1,0,-1,0,0,-1,0,0,-1,-1
1400,-1,1,-1,-1,-1,-1,0,-1,0,-1,0,0,-1,0,0,-1,-1
1401,-1,0,-1,-1,-1,-1,0,-1,0,-1,0,0,-1,0,0,-1,-1
1402,-1,1,-1,-1,-1,-1,0,-1,0,-1,0,0,-1,0,0,-1,-1
1403,-1,0,-1,-1,-1,-1,0,-1,0,-1,0,0,-1,0,0,-1,-1
1404,-1,1,-1,-1,-1,-1,0,-1,0,-1,0,0,-1,0,0,-1,-1
1405,-1,0,-1,-1,-1,-1,0,-1,0,-1,0,0,-1,0,0,-1,-1
1406,-1,-1,1,-1,-1,-1,-1,0,-1,0,-1,0,-1,0,-1,-1,1
1407,-1,-1,0,-1,-1,-1,-1,0,-1,0,-1,0,-1,0,-1,-1,1
1408,-1,-1,1,-1,-1,-1,-1,1,-1,1,-1,0,-1,0,-1,-1,1
1409,-1,-1,0,-1,-1,-1,-1,0,-1,0,-1,0,-1,0,-1,-1,1
1410,-1,-1,1,-1,-1,-1,-1,0,-1,0,-1,0,-1,0,-1,-1,1
1411,-1,-1,1,-1,-1,-1,-1,0,-1,0,-1,1,-1,0,-1,-1,1
1412,-1,-1,1,-1,-1,-1,-1,1,-1,1,-1,0,-1,0,-1,-1,1
1413,-1,-1,1,-1,-1,-1,-1,1,-1,1,-1,0,-1,0,-1,-1,1
1414,-1,-1,1,-1,-1,-1,-1,1,-1,1,-1,0,-1,0,-1,-1,1
1415,-1,-1,1,-1,-1,-1,-1,1,-1,1,-1,0,-1,0,-1,-1,1
1416,-1,-1,0,-1,-1,-1,-1,0,-1,0,-1,0,-1,0,-1,-1,1
1417,-1,-1,1,-1,-1,-1,-1,0,-1,0,-1,1,-1,0,-1,-1,1
1418,-1,-1,0,-1,-1,-1,-1,0,-1,0,-1,1,-1,0,-1,-1,1
1419,-1,-1,0,-1,-1,-1,-1,0,-1,0,-1,0,-1,0,-1,-1,1
1420,-1,-1,1,-1,-1,-1,-1,0,-1,0,-1,0,-1,0,-1,-1,1
1421,-1,-1,1,-1,-1,-1,-1,0,-1,0,-1,0,-1,0,-1,-1,1
1422,-1,-1,1,-1,-1,-1,-1,1,-1,1,-1,0,-1,0,-1,-1,1
1423,-1,-1,1,-1,-1,-1,-1,1,-1,1,-1,0,-1,0,-1,-1,1
1424,-1,-1,0,-1,-1,-1,-1,0,-1,0,-1,0,-1,0,-1,-1,1
1425,-1,-1,0,-1,-1,-1,-1,0,-1,0,-1,0,-1,0,-1,-1,1
1426,-1,-1,1,-1,-1,-1,-1,0,-1,0,-1,0,-1,1,-1,-1,1
1427,-1,-1,1,-1,-1,-1,-1,0,-1,0,-1,1,-1,0,-1,-1,1
1428,-1,-1,1,-1,-1,-1,-1,0,-1,0,-1,0,-1,0,-1,-1,1
1429,-1,-1,0,-1,-1,-1,-1,0,-1,0,-1,0,-1,0,-1,-1,1
1430,-1,-1,1,-1,-1,-1,-1,1,-1,1,-1,0,-1,0,-1,-1,1
1431,-1,-1,1,-1,-1,-1,-1,1,-1,1,-1,0,-1,0,-1,-1,1
1432,-1,-1,1,-1,-1,-1,-1,1,-1,1,-1,0,-1,0,-1,-1,1
1433,-1,-1,1,-1,-1,-1,-1,1,-1,1,-1,0,-1,0,-1,-1,1
1434,-1,-1,1,-1,-1,-1,-1,1,-1,1,-1,0,-1,0,-1,-1,1
1435,-1,-1,1,-1,-1,-1,-1,1,-1,1,-1,1,-1,1,-1,-1,1
1436,-1,-1,1,-1,-1,-1,-1,0,-1,0,-1,0,-1,0,-1,-1,1
1437,-1,-1,1,-1,-1,-1,-1,0,-1,0,-1,0,-1,0,-1,-1,1
1438,-1,-1,1,-1,-1,-1,-1,1,-1,1,-1,0,-1,0,-1,-1,1
1439,-1,-1,1,-1,-1,-1,-1,0,-1,0,-1,0,-1,0,-1,-1,1
1440,-1,-1,1,-1,-1,-1,-1,1,-1,1,-1,0,-1,0,-1,-1,1
1441,-1,-1,0,-1,-1,-1,-1,0,-1,0,-1,0,-1,0,-1,-1,1
1442,-1,-1,0,-1,-1,-1,-1,0,-1,0,-1,0,-1,0,-1,-1,1
1443,-1,-1,1,-1,-1,-1,-1,0,-1,0,-1,1,-1,0,-1,-1,1
1444,-1,-1,1,-1,-1,-1,-1,1,-1,1,-1,0,-1,0,-1,-1,1
1445,-1,-1,0,-1,-1,-1,-1,0,-1,0,-1,0,-1,0,-1,-1,1
1446,-1,-1,0,-1,-1,-1,-1,0,-1,0,-1,0,-1,0,-1,-1,1
1447,-1,-1,0,-1,-1,-1,-1,0,-1,0,-1,1,-1,0,-1,-1,1
1448,-1,-1,1,-1,-1,-1,-1,0,-1,0,-1,0,-1,1,-1,-1,1
1449,1,-1,1,-1,-1,-1,1,-1,-1,-1,-1,-1,-1,1,-1,-1,1
1450,1,-1,1,-1,-1,-1,1,-1,-1,-1,-1,-1,-1,1,-1,-1,1
1451,1,-1,1,-1,-1,-1,1,-1,-1,-1,-1,-1,-1,1,-1,-1,1
1452,1,-1,1,-1,-1,-1,1,-1,-1,-1,-1,-1,-1,1,-1,-1,1
1453,0,-1,0,0,-1,1,1,-1,1,1,1,1,1,1,1,1,1
1454,-1,-1,0,0,-1,1,1,-1,1,1,1,1,1,1,1,1,1
1455,0,-1,0,0,-1,0,1,0,0,0,-1,0,0,0,0,0,1
1456,0,-1,1,1,-1,1,1,1,1,1,-1,1,0,1,0,0,1
1457,0,-1,1,1,-1,1,1,0,1,1,-1,0,0,1,0,0,1
1458,0,-1,1,1,-1,0,1,1,1,1,-1,1,0,1,0,0,1
1459,0,-1,1,0,-1,0,1,0,0,0,-1,0,0,0,0,0,1
1460,0,-1,1,1,-1,1,1,1,1,1,-1,1,0,0,0,0,1
1461,0,-1,1,1,-1,1,1,1,1,1,-1,1,0,0,0,0,1
1462,1,-1,1,1,-1,1,1,0,1,1,-1,1,0,1,0,0,1
1463,1,-1,1,-1,-1,-1,1,-1,-1,-1,-1,-1,-1,1,-1,-1,1
1464,-1,-1,1,-1,-1,-1,-1,-1,1,1,-1,1,-1,-1,-1,-1,-1
1465,-1,-1,1,-1,-1,-1,-1,-1,1,1,-1,1,-1,-1,-1,-1,-1
1466,-1,-1,0,-1,-1,-1,-1,-1,0,0,-1,0,-1,-1,-1,-1,-1
1467,-1,-1,1,-1,-1,-1,-1,-1,1,1,-1,1,-1,-1,-1,-1,-1
1468,-1,-1,1,-1,-1,-1,-1,-1,1,1,-1,1,-1,-1,-1,-1,-1
1469,-1,-1,1,-1,-1,-1,-1,-1,1,1,-1,1,-1,-1,-1,-1,-1
1470,1,-1,1,-1,-1,-1,1,-1,-1,-1,-1,-1,-1,1,-1,-1,1
1471,1,-1,1,-1,-1,-1,1,-1,-1,-1,-1,-1,-1,1,-1,-1,1
1472,1,-1,1,-1,-1,-1,1,-1,-1,-1,-1,-1,-1,1,-1,-1,1
1473,1,-1,1,-1,-1,-1,1,-1,-1,-1,-1,-1,-1,1,-1,-1,1
1474,1,-1,1,-1,-1,-1,1,-1,-1,-1,-1,-1,-1,1,-1,-1,1
1475,1,-1,1,-1,-1,-1,1,-1,-1,-1,-1,-1,-1,1,-1,-1,1
1476,0,-1,0,0,-1,0,1,0,0,0,-1,1,0,0,0,0,1
1477,0,-1,1,1,-1,0,1,1,1,1,-1,1,0,1,0,0,1
1478,1,-1,1,1,-1,1,1,1,1,1,-1,1,1,1,1,1,1
1479,0,-1,1,1,-1,1,1,1,1,1,-1,1,0,0,0,0,1
1480,0,-1,1,1,-1,0,1,1,1,1,-1,1,0,0,0,0,1
1481,1,-1,1,-1,-1,-1,1,-1,-1,-1,-1,-1,-1,1,-1,-1,1
1482,1,-1,1,-1,-1,-1,1,-1,-1,-1,-1,-1,-1,1,-1,-1,1
1483,1,-1,1,-1,-1,-1,1,-1,-1,-1,-1,-1,-1,1,-1,-1,1
1484,1,-1,1,-1,-1,-1,1,-1,-1,-1,-1,-1,-1,1,-1,-1,1
1485,1,-1,1,-1,-1,-1,1,-1,-1,-1,-1,-1,-1,1,-1,-1,1
1486,1,-1,1,-1,-1,-1,1,-1,-1,-1,-1,-1,-1,1,-1,-1,1
1487,1,1,1,1,-1,-1,1,-1,1,1,1,1,1,0,1,1,1
1488,0,-1,1,1,-1,0,1,1,1,1,-1,1,1,0,0,0,1
1489,0,-1,1,0,-1,1,1,1,1,1,-1,1,1,0,1,1,1
1490,0,-1,1,1,-1,1,1,1,1,1,-1,1,1,1,0,0,1
1491,-1,-1,1,-1,-1,-1,-1,-1,1,1,-1,1,-1,-1,-1,-1,-1
1492,-1,-1,1,-1,-1,-1,-1,-1,1,1,-1,1,-1,-1,-1,-1,-1
1493,-1,-1,1,-1,-1,-1,-1,-1,1,1,-1,1,-1,-1,-1,-1,-1
1494,-1,-1,0,-1,-1,-1,-1,-1,0,0,-1,0,-1,-1,-1,-1,-1
1495,-1,-1,1,-1,-1,-1,-1,-1,1,1,-1,1,-1,-1,-1,-1,-1
1496,-1,-1,1,-1,-1,-1,-1,-1,1,1,-1,0,-1,-1,-1,-1,-1
1497,-1,-1,0,-1,-1,-1,-1,-1,0,0,-1,0,-1,-1,-1,-1,-1
1498,-1,-1,1,-1,-1,-1,-1,-1,0,0,-1,1,-1,-1,-1,-1,-1
1499,-1,-1,1,-1,-1,-1,-1,-1,0,0,-1,0,-1,-1,-1,-1,-1
1500,-1,-1,0,-1,-1,-1,-1,-1,0,0,-1,0,-1,-1,-1,-1,-1
1501,-1,-1,0,-1,-1,-1,-1,-1,1,1,-1,0,-1,-1,-1,-1,-1
1502,0,-1,1,1,-1,1,1,1,1,1,-1,1,0,0,0,0,1
1503,0,-1,1,1,-1,1,1,1,1,1,-1,1,1,1,0,0,1
1504,0,-1,1,0,-1,0,1,0,0,1,-1,0,0,1,0,0,1
1505,0,-1,1,0,-1,0,1,1,1,0,-1,1,0,0,0,0,1
1506,0,-1,1,1,-1,0,1,1,1,1,-1,0,0,0,0,0,1
1507,-1,-1,1,-1,-1,-1,-1,-1,0,0,-1,0,-1,-1,-1,-1,-1
1508,-1,-1,1,-1,-1,-1,-1,-1,1,1,-1,1,-1,-1,-1,-1,-1
1509,-1,-1,0,-1,-1,-1,-1,-1,0,0,-1,0,-1,-1,-1,-1,-1
1510,-1,-1,0,-1,-1,-1,-1,-1,0,0,-1,0,-1,-1,-1,-1,-1
1511,-1,-1,1,-1,-1,-1,-1,-1,0,1,-1,1,-1,-1,-1,-1,-1
1512,0,-1,1,-1,-1,0,-1,0,1,0,-1,1,0,1,-1,0,1
1513,1,-1,1,-1,-1,1,-1,1,1,1,-1,1,1,0,-1,1,1
1514,0,-1,1,-1,-1,0,-1,0,1,1,-1,1,0,0,-1,0,1
1515,0,-1,1,-1,-1,0,-1,0,1,1,-1,1,0,0,-1,0,1
1516,0,-1,1,-1,-1,0,-1,1,1,1,-1,1,0,0,-1,0,1
1517,0,-1,1,-1,-1,1,-1,1,1,1,-1,1,0,0,-1,0,1
1518,0,-1,1,-1,-1,1,-1,0,1,1,-1,1,1,0,-1,0,1
1519,0,-1,1,-1,-1,1,-1,0,1,1,-1,1,0,0,-1,0,1
1520,0,-1,1,-1,-1,0,-1,0,0,1,-1,1,0,0,-1,0,1
1521,0,-1,1,-1,-1,0,-1,0,1,1,-1,1,0,0,-1,0,1
1522,0,-1,1,-1,-1,1,-1,0,1,1,-1,1,1,0,-1,0,1
1523,0,-1,1,-1,-1,-1,-1,0,1,1,-1,1,0,1,-1,0,1
1524,0,-1,1,-1,-1,-1,-1,0,1,1,-1,1,0,0,-1,0,1
1525,0,-1,1,-1,-1,-1,-1,1,1,1,-1,1,1,0,-1,0,1
1526,0,-1,1,-1,-1,-1,-1,1,1,1,-1,1,0,0,-1,0,1
1527,1,-1,1,-1,-1,1,-1,0,1,1,-1,1,0,0,-1,0,1
1528,0,-1,1,-1,-1,0,-1,0,1,1,-1,1,0,1,-1,0,1
1529,0,-1,1,-1,-1,0,-1,1,1,1,-1,1,0,0,-1,0,1
1530,1,-1,0,1,-1,-1,-1,-1,1,1,-1,1,1,1,1,1,1
1531,0,-1,1,-1,-1,0,-1,1,1,1,-1,0,0,0,-1,0,1
1532,1,-1,0,0,-1,1,-1,-1,1,1,-1,1,1,1,1,1,1
1533,0,-1,1,-1,-1,1,-1,0,1,1,-1,1,0,0,-1,0,1
1534,0,-1,1,-1,-1,0,-1,0,1,1,-1,1,0,0,-1,0,1
1535,0,-1,1,-1,-1,1,-1,0,1,1,-1,1,0,1,-1,0,1
1536,0,-1,-1,-1,-1,1,-1,1,1,1,-1,1,0,1,-1,0,1
1537,0,-1,1,-1,-1,1,-1,0,1,1,-1,1,0,1,-1,0,1
1538,1,-1,1,-1,-1,1,-1,0,1,1,-1,1,0,0,-1,0,1
1539,1,-1,1,-1,-1,1,-1,1,1,1,-1,1,-1,1,-1,1,1
1540,0,-1,-1,1,-1,1,-1,-1,1,1,-1,1,1,1,1,1,1
1541,0,-1,1,-1,-1,0,-1,0,1,1,-1,1,0,1,-1,0,1
1542,0,-1,1,-1,-1,1,-1,0,1,1,-1,0,0,0,-1,0,1
1543,0,-1,1,-1,-1,1,-1,0,1,1,-1,1,0,0,-1,0,1
1544,0,-1,1,-1,-1,0,-1,1,1,1,-1,1,0,0,-1,0,1
1545,0,-1,1,-1,-1,1,-1,0,1,1,-1,1,1,0,-1,0,1
1546,0,-1,1,-1,-1,0,-1,0,1,1,-1,1,0,0,-1,0,1
1547,0,-1,1,-1,-1,0,-1,1,1,1,-1,0,0,0,-1,0,1
1548,0,-1,1,-1,-1,1,-1,1,1,1,-1,1,0,1,-1,0,1
1549,0,-1,1,-1,-1,0,-1,0,0,0,-1,0,0,1,-1,0,1
1550,1,-1,1,-1,-1,1,-1,1,1,1,-1,1,-1,1,-1,1,1
1551,0,-1,1,-1,-1,1,-1,1,1,1,-1,1,1,1,-1,1,1
1552,0,-1,1,-1,-1,1,-1,1,1,1,-1,1,1,1,-1,1,1
1553,0,-1,1,-1,-1,0,-1,0,1,1,-1,0,0,0,-1,0,1
1554,0,-1,1,-1,-1,0,-1,0,1,1,-1,0,0,0,-1,0,1
1555,0,-1,1,-1,-1,1,-1,0,1,1,-1,1,0,0,-1,0,1
1556,0,-1,1,-1,-1,0,-1,1,1,1,-1,0,0,0,-1,0,1
1557,0,-1,1,-1,-1,0,-1,0,1,1,-1,1,0,1,-1,0,1
1558,0,-1,1,0,-1,1,1,1,1,1,-1,1,1,1,0,0,1
1559,0,-1,1,-1,-1,1,-1,0,1,1,-1,1,0,0,-1,0,1
1560,0,-1,1,-1,-1,0,-1,0,1,1,-1,0,0,1,-1,0,1
1561,1,-1,1,-1,-1,1,-1,1,1,1,-1,1,1,1,-1,0,1
1562,0,-1,1,-1,-1,0,-1,0,1,0,-1,1,1,0,-1,0,1
1563,0,-1,1,-1,-1,1,-1,1,1,0,-1,1,1,0,-1,0,1
1564,0,-1,1,-1,-1,1,-1,1,1,1,-1,1,0,1,-1,0,1
1565,0,-1,1,-1,-1,0,-1,1,1,1,-1,1,0,0,-1,0,1
1566,0,-1,1,-1,-1,1,-1,0,1,1,-1,1,0,0,-1,0,1
1567,1,-1,1,-1,-1,1,-1,0,1,1,-1,1,0,0,-1,0,1
1568,0,-1,1,-1,-1,0,-1,0,1,1,-1,1,0,0,-1,0,1
1569,1,-1,1,-1,-1,0,-1,0,1,1,-1,1,0,0,-1,0,1
1570,0,-1,1,-1,-1,0,-1,0,1,1,-1,1,0,0,-1,0,1
1571,0,-1,1,-1,-1,0,-1,1,0,1,-1,1,0,0,-1,0,1
1572,1,-1,1,-1,-1,1,-1,1,1,1,-1,1,0,1,-1,0,1
1573,0,-1,1,-1,-1,1,-1,0,1,1,-1,1,0,0,-1,0,1
1574,0,-1,1,-1,-1,0,-1,0,1,1,-1,0,0,0,-1,0,1
1575,0,-1,1,-1,-1,0,-1,0,0,1,-1,1,1,1,-1,0,1
1576,0,-1,1,-1,-1,1,-1,0,1,1,-1,1,0,0,-1,0,1
1577,0,-1,1,-1,-1,1,-1,0,1,1,-1,0,0,0,-1,0,1
1578,0,-1,1,-1,-1,0,-1,1,1,1,-1,0,0,0,-1,0,1
1579,0,-1,1,-1,-1,0,-1,0,1,1,-1,0,0,0,-1,0,1
1580,0,-1,1,-1,-1,1,-1,1,1,1,-1,1,0,1,-1,0,1
1581,0,-1,1,-1,-1,0,-1,0,1,1,-1,1,0,0,-1,0,1
1582,1,-1,1,-1,-1,1,-1,1,1,1,-1,1,0,1,-1,0,1
1583,1,-1,1,-1,-1,1,-1,1,1,1,-1,1,0,1,-1,0,1
1584,0,-1,1,-1,-1,0,-1,0,0,1,-1,0,0,0,-1,0,1
1585,0,-1,1,-1,-1,0,-1,0,1,1,-1,0,0,0,-1,0,1
1586,0,-1,1,-1,-1,0,-1,0,1,1,-1,1,0,0,-1,0,1
1587,0,-1,1,-1,-1,0,-1,0,1,1,-1,1,0,1,-1,0,1
1588,0,-1,1,-1,-1,0,-1,0,1,1,-1,1,0,0,-1,0,1
1589,0,-1,1,-1,-1,0,-1,1,1,1,-1,0,0,0,-1,0,1
1590,0,-1,1,-1,-1,1,-1,0,1,1,-1,1,0,0,-1,0,1
1591,0,-1,1,-1,-1,0,-1,1,1,1,-1,1,0,0,-1,0,1
1592,0,-1,1,-1,-1,0,-1,0,1,1,-1,1,0,0,-1,0,1
1593,0,-1,1,-1,-1,0,-1,0,1,1,-1,1,0,0,-1,0,1
1594,0,-1,1,-1,-1,0,-1,0,1,1,-1,1,0,0,-1,0,1
1595,0,-1,1,-1,-1,0,-1,0,1,1,-1,1,0,0,-1,0,1
1596,0,-1,1,-1,-1,0,-1,1,1,1,-1,0,0,0,-1,0,1
1597,0,-1,1,-1,-1,0,-1,0,1,1,-1,1,0,1,-1,0,1
1598,0,-1,1,-1,-1,1,-1,0,1,1,-1,1,0,1,-1,0,1
1599,0,-1,1,-1,-1,0,-1,0,0,1,-1,0,0,0,-1,0,1
1600,0,-1,1,-1,-1,0,-1,0,0,1,-1,1,0,0,-1,0,1
1601,0,-1,1,-1,-1,0,-1,1,1,1,-1,1,0,0,-1,0,1
1602,0,-1,1,-1,-1,0,-1,0,1,1,-1,1,0,0,-1,0,1
1603,0,-1,1,-1,-1,0,-1,1,0,1,-1,1,0,0,-1,0,1
1604,1,-1,1,-1,-1,1,-1,1,1,1,-1,1,0,1,-1,0,1
1605,0,-1,1,-1,-1,1,-1,1,1,1,-1,1,0,1,-1,0,1
1606,0,-1,1,-1,-1,0,-1,1,1,1,-1,1,0,0,-1,0,1
1607,0,-1,1,-1,-1,0,-1,1,1,1,-1,0,0,0,-1,0,1
1608,0,-1,1,-1,-1,0,-1,0,1,1,-1,1,0,0,-1,0,1
1609,0,-1,1,-1,-1,0,-1,1,1,1,-1,1,0,1,-1,0,1
1610,0,-1,1,-1,-1,0,-1,0,1,1,-1,1,0,0,-1,0,1
1611,0,-1,1,-1,-1,1,-1,1,1,1,-1,1,0,0,-1,0,1
1612,1,-1,1,-1,-1,1,-1,1,1,1,-1,1,0,0,-1,0,1
1613,0,-1,1,-1,-1,0,-1,1,0,0,-1,1,0,0,-1,0,1
1614,0,-1,1,-1,-1,0,-1,0,0,0,-1,1,1,0,-1,0,1
1615,0,-1,1,-1,-1,0,-1,0,0,0,-1,0,0,0,-1,0,1
1616,1,-1,1,0,-1,1,-1,1,1,1,-1,1,1,0,1,0,1
1617,0,-1,1,-1,-1,1,-1,0,1,1,-1,1,0,0,-1,0,1
1618,0,-1,1,-1,-1,0,-1,1,1,1,-1,1,0,1,-1,0,1
1619,0,-1,1,-1,-1,1,-1,0,1,1,-1,1,1,0,-1,0,1
1620,1,-1,-1,-1,-1,1,-1,-1,-1,-1,-1,1,-1,1,-1,-1,-1
1621,0,-1,1,0,-1,0,1,1,1,0,-1,1,0,0,0,0,1
1622,0,-1,1,0,-1,0,1,1,1,0,-1,1,0,0,0,0,1
1623,0,-1,1,1,-1,0,-1,-1,-1,1,-1,1,0,1,0,0,-1
1624,0,-1,1,1,-1,0,-1,-1,-1,1,-1,1,0,1,0,0,1
1625,0,-1,1,1,-1,1,-1,-1,-1,1,-1,1,0,1,0,0,-1
1626,0,-1,1,1,-1,0,-1,-1,-1,1,-1,1,0,0,0,0,1
1627,0,-1,1,1,-1,1,-1,-1,-1,1,-1,1,0,1,0,0,1
1628,0,-1,1,1,-1,1,-1,-1,-1,1,-1,1,0,1,0,0,-1
1629,0,-1,1,1,-1,0,-1,-1,-1,1,-1,1,0,1,0,0,1
1630,0,-1,1,1,-1,0,-1,-1,-1,1,-1,1,0,0,0,0,1
1631,0,-1,1,1,-1,1,-1,-1,-1,1,-1,1,0,1,0,0,1
1632,0,-1,1,1,-1,1,-1,-1,-1,1,-1,1,0,1,0,0,1
1633,0,-1,1,1,-1,0,-1,-1,-1,1,-1,1,0,1,0,0,-1
1634,0,-1,1,1,-1,0,-1,-1,-1,1,-1,1,0,1,0,0,1
1635,0,-1,1,1,-1,0,-1,-1,-1,1,-1,1,0,0,0,0,1
1636,0,-1,1,0,-1,0,-1,-1,-1,1,-1,1,0,0,0,0,1
1637,0,-1,1,1,-1,1,-1,-1,-1,1,-1,1,0,1,0,0,1
1638,0,-1,1,1,-1,1,-1,-1,-1,1,-1,1,0,0,0,0,1
1639,0,-1,1,1,-1,1,-1,-1,-1,1,-1,1,0,0,0,0,1
1640,0,-1,1,1,-1,1,-1,-1,-1,1,-1,1,0,0,0,0,1
1641,0,-1,1,1,-1,1,-1,-1,-1,1,-1,1,0,1,0,0,-1
1642,0,-1,1,0,-1,0,-1,-1,-1,1,-1,0,0,0,0,0,-1
1643,0,-1,1,1,-1,1,-1,-1,-1,1,-1,1,0,0,0,0,-1
1644,0,-1,1,0,-1,0,-1,-1,-1,1,-1,1,0,0,0,0,-1
1645,0,-1,1,1,-1,1,-1,-1,-1,1,-1,1,0,1,0,0,-1
1646,0,-1,1,1,-1,1,-1,-1,-1,1,-1,1,0,1,0,0,-1
1647,0,-1,1,1,-1,1,-1,-1,-1,1,-1,1,0,1,0,0,-1
1648,0,-1,1,1,-1,1,-1,-1,-1,1,-1,1,0,1,0,0,-1
1649,0,-1,1,1,-1,0,-1,-1,-1,1,-1,1,0,0,0,0,-1
1650,0,-1,1,0,-1,0,-1,-1,-1,1,-1,0,0,0,0,0,-1
1651,0,-1,1,1,-1,1,-1,-1,-1,1,-1,1,0,1,0,0,-1
1652,1,-1,1,0,-1,0,-1,-1,-1,1,-1,1,0,0,0,0,-1
1653,0,-1,1,1,-1,1,-1,-1,-1,1,-1,1,0,1,0,0,-1
1654,0,-1,1,1,-1,1,-1,-1,-1,1,-1,1,0,1,0,0,-1
1655,0,-1,1,1,-1,1,-1,-1,-1,1,-1,1,0,1,0,0,-1
1656,0,-1,1,1,-1,1,-1,-1,-1,1,-1,1,0,1,0,0,-1
1657,0,-1,1,1,-1,1,-1,-1,-1,1,-1,1,0,1,0,0,-1
1658,0,-1,1,1,-1,1,-1,-1,-1,1,-1,1,0,1,0,0,-1
1659,0,-1,1,1,-1,1,-1,-1,-1,1,-1,1,0,1,0,0,-1
1660,0,-1,1,1,-1,1,-1,-1,-1,1,-1,1,0,1,0,0,-1
1661,1,-1,1,1,-1,0,-1,-1,-1,1,-1,1,0,1,0,0,-1
1662,0,-1,1,0,-1,0,-1,-1,-1,1,-1,1,0,0,0,0,-1
1663,0,-1,1,1,-1,1,-1,-1,-1,1,-1,1,0,1,0,0,-1
1664,0,-1,1,1,-1,1,-1,-1,-1,1,-1,1,0,1,0,0,-1
1665,0,-1,1,1,-1,1,-1,-1,-1,1,-1,1,0,1,0,0,-1
1666,0,-1,1,0,-1,0,-1,-1,-1,1,-1,1,0,0,0,0,-1
1667,0,-1,1,1,-1,0,-1,-1,-1,1,-1,1,0,0,0,0,-1
1668,0,-1,1,1,-1,1,-1,-1,-1,1,-1,1,0,1,0,0,-1
1669,0,-1,1,1,-1,0,-1,-1,-1,1,-1,1,0,1,0,0,-1
1670,0,-1,1,1,-1,0,-1,-1,-1,1,-1,1,0,1,0,0,1
1671,0,-1,1,1,-1,0,1,1,1,1,-1,1,1,1,0,0,1
1672,1,-1,1,1,-1,1,1,1,1,1,-1,1,1,0,1,1,1
1673,1,-1,1,1,-1,1,1,1,1,1,-1,1,1,1,0,1,1
1674,0,-1,1,1,-1,1,1,1,1,1,-1,1,1,0,1,1,1
1675,0,-1,1,1,-1,1,1,1,1,1,-1,1,1,1,0,0,1
1676,1,-1,1,1,-1,1,1,1,1,1,-1,1,1,0,1,0,1
1677,1,-1,1,1,-1,1,1,1,1,1,-1,1,1,1,1,0,1
1678,0,-1,1,1,-1,1,1,1,1,1,-1,1,1,0,1,1,1
1679,0,-1,1,1,-1,1,1,0,1,1,-1,1,1,0,0,0,1
1680,0,-1,1,1,-1,1,1,1,1,1,-1,1,1,1,0,0,1
1681,0,-1,1,1,-1,1,1,1,1,1,-1,0,1,0,0,0,1
1682,0,-1,1,0,-1,0,1,1,0,0,-1,1,0,1,0,0,1
1683,0,-1,0,0,-1,0,1,1,0,0,-1,1,0,0,0,0,1
1684,0,-1,1,0,-1,0,1,0,0,0,-1,0,0,0,0,0,1
1685,0,-1,1,0,-1,0,1,0,0,0,-1,1,0,0,0,0,1
1686,0,-1,1,1,-1,1,1,1,1,1,-1,1,0,1,0,0,1
1687,1,-1,1,1,-1,1,1,0,1,1,-1,1,1,1,0,0,1
1688,0,-1,0,0,-1,0,1,0,0,0,-1,0,0,0,0,0,1
1689,0,-1,0,0,-1,0,1,0,0,0,-1,0,0,0,0,0,1
1690,0,-1,1,1,-1,1,1,1,1,1,-1,0,1,0,0,0,1
1691,0,-1,1,0,-1,0,1,0,0,0,-1,1,0,1,0,0,1
1692,0,-1,1,0,-1,0,1,0,0,0,-1,1,0,0,0,0,1
1693,0,-1,1,1,-1,1,1,1,1,1,-1,1,0,1,0,0,1
1694,0,-1,1,1,-1,1,1,0,1,1,-1,1,0,0,0,0,1
1695,0,-1,1,1,-1,1,1,0,1,1,-1,1,1,1,0,0,1
1696,0,-1,1,1,-1,1,1,1,1,1,-1,1,0,1,0,0,1
1697,0,-1,1,1,-1,1,1,0,1,1,-1,1,0,0,0,0,1
1698,0,-1,1,1,-1,0,1,1,1,1,-1,0,0,0,0,0,1
1699,0,-1,1,0,-1,0,1,1,1,0,-1,1,0,0,0,0,1
1700,0,-1,1,1,-1,0,1,1,1,1,-1,1,0,0,0,0,1
1701,0,-1,1,1,-1,1,1,1,1,1,-1,1,0,0,0,0,1
1702,0,-1,1,1,-1,1,1,0,1,1,-1,1,0,0,0,0,1
1703,1,-1,1,1,-1,1,1,0,1,1,-1,1,0,0,0,0,1
1704,0,-1,1,1,-1,1,1,1,1,1,-1,1,0,0,0,0,1
1705,0,-1,1,1,-1,0,1,1,1,1,-1,1,0,0,0,0,1
1706,0,-1,1,1,-1,1,1,1,1,1,-1,1,1,1,1,1,1
1707,1,-1,1,1,-1,1,1,1,1,1,-1,1,1,0,1,1,1
1708,0,-1,1,1,-1,0,1,1,1,1,-1,1,1,0,0,0,1
1709,0,-1,1,1,-1,1,1,1,1,1,-1,0,1,0,1,1,1
1710,0,-1,1,1,-1,1,1,1,1,1,-1,1,1,1,1,1,1
1711,1,-1,0,-1,-1,1,-1,-1,-1,-1,-1,1,-1,1,-1,-1,-1
1712,1,-1,0,-1,-1,1,-1,-1,-1,-1,-1,1,-1,1,-1,-1,1
1713,1,-1,0,-1,-1,1,-1,-1,-1,-1,-1,1,-1,1,-1,-1,-1
1714,1,-1,1,-1,-1,1,-1,-1,-1,-1,-1,1,-1,1,-1,-1,1
1715,1,-1,1,-1,-1,1,-1,-1,-1,-1,-1,1,-1,1,-1,-1,1
1716,1,-1,0,-1,-1,1,-1,-1,-1,-1,-1,1,-1,1,-1,-1,1
1717,1,-1,0,-1,-1,1,-1,-1,-1,-1,-1,1,-1,1,-1,-1,1
1718,1,-1,0,-1,-1,1,-1,-1,-1,-1,-1,1,-1,1,-1,-1,1
1719,1,-1,0,-1,-1,-1,-1,-1,-1,-1,-1,1,-1,1,-1,-1,1
1720,0,-1,1,-1,-1,1,-1,1,1,1,-1,1,1,1,-1,1,1
1721,0,-1,1,1,-1,0,-1,-1,-1,1,-1,0,0,0,1,0,-1
1722,0,-1,1,1,-1,0,-1,-1,-1,1,-1,1,0,1,1,0,-1
1723,0,-1,1,1,-1,0,-1,-1,-1,1,-1,1,0,0,-1,0,-1
1724,0,-1,1,1,-1,-1,-1,-1,-1,1,-1,1,0,1,1,0,-1
1725,0,-1,1,0,-1,0,-1,-1,-1,1,-1,1,0,0,1,0,-1
1726,0,-1,1,0,-1,0,-1,-1,-1,1,-1,1,0,0,1,0,-1
1727,0,-1,1,0,-1,0,-1,-1,-1,1,-1,0,0,0,-1,0,-1
1728,0,-1,1,1,-1,1,-1,-1,-1,1,-1,1,0,1,1,0,-1
1729,0,-1,-1,1,-1,0,-1,-1,-1,1,-1,0,0,1,-1,0,-1
1730,-1,-1,1,-1,-1,-1,-1,1,-1,1,-1,-1,-1,0,-1,-1,1
1731,-1,-1,1,-1,-1,-1,-1,1,-1,1,-1,-1,-1,0,-1,-1,1
1732,-1,-1,1,-1,-1,-1,-1,1,-1,1,-1,-1,-1,0,-1,-1,1
1733,-1,-1,1,-1,-1,-1,-1,0,-1,0,-1,0,-1,0,-1,-1,1
1734,-1,-1,0,-1,-1,-1,-1,0,-1,0,-1,1,-1,0,-1,-1,1
1735,-1,-1,0,-1,-1,-1,-1,0,-1,0,-1,0,-1,0,-1,-1,1
1736,-1,-1,0,-1,-1,-1,-1,0,-1,0,-1,1,-1,0,-1,-1,1
1737,-1,-1,0,-1,-1,-1,-1,0,-1,0,-1,0,-1,0,-1,-1,1
1738,-1,-1,0,-1,-1,-1,-1,0,-1,0,-1,1,-1,0,-1,-1,1
1739,-1,-1,1,-1,-1,-1,-1,1,-1,1,-1,0,-1,0,-1,-1,1
1740,-1,-1,1,-1,-1,-1,-1,0,-1,0,-1,1,-1,0,-1,-1,1
1741,-1,-1,0,-1,-1,-1,-1,0,-1,0,-1,0,-1,0,-1,-1,1
1742,-1,-1,1,-1,-1,-1,-1,0,-1,0,-1,0,-1,0,-1,-1,1
1743,-1,-1,1,-1,-1,-1,-1,0,-1,0,-1,0,-1,0,-1,-1,1
1744,-1,-1,1,-1,-1,-1,-1,0,-1,0,-1,0,-1,0,-1,-1,1
1745,-1,-1,1,-1,-1,-1,-1,0,-1,0,-1,0,-1,0,-1,-1,1
1746,-1,-1,1,-1,-1,-1,-1,0,-1,0,-1,0,-1,0,-1,-1,1
1747,-1,-1,1,-1,-1,-1,-1,1,-1,1,-1,0,-1,0,-1,-1,1
1748,-1,-1,1,-1,-1,-1,-1,0,-1,0,-1,0,-1,0,-1,-1,1
1749,-1,-1,1,-1,-1,-1,-1,0,-1,0,-1,0,-1,0,-1,-1,1
1750,-1,-1,1,-1,-1,-1,-1,0,-1,0,-1,0,-1,0,-1,-1,1
1751,-1,-1,1,-1,-1,-1,-1,1,-1,1,-1,0,-1,0,-1,-1,1
1752,-1,-1,1,-1,-1,-1,-1,1,-1,1,-1,0,-1,0,-1,-1,1
1753,-1,-1,1,-1,-1,-1,-1,1,-1,1,-1,0,-1,0,-1,-1,1
1754,-1,-1,1,-1,-1,-1,-1,1,-1,1,-1,0,-1,0,-1,-1,1
1755,-1,-1,1,-1,-1,-1,-1,1,-1,1,-1,0,-1,0,-1,-1,1
1756,-1,-1,0,-1,-1,-1,-1,0,-1,0,-1,0,-1,0,-1,-1,1
1757,-1,-1,1,-1,-1,-1,-1,0,-1,0,-1,0,-1,0,-1,-1,1
1758,-1,-1,1,-1,-1,-1,-1,0,-1,0,-1,1,-1,0,-1,-1,1
1759,-1,-1,0,-1,-1,-1,-1,0,-1,0,-1,0,-1,0,-1,-1,1
1760,-1,-1,0,-1,-1,-1,-1,0,-1,0,-1,0,-1,0,-1,-1,1
1761,-1,-1,0,-1,-1,-1,-1,0,-1,0,-1,0,-1,0,-1,-1,1
1762,-1,-1,1,-1,-1,-1,-1,1,-1,1,-1,0,-1,0,-1,-1,1
1763,-1,-1,1,-1,-1,-1,-1,0,-1,0,-1,0,-1,0,-1,-1,1
1764,-1,-1,1,-1,-1,-1,-1,0,-1,0,-1,0,-1,0,-1,-1,1
1765,-1,-1,1,-1,-1,-1,-1,1,-1,1,-1,0,-1,0,-1,-1,1
1766,-1,-1,1,-1,-1,-1,-1,0,-1,0,-1,0,-1,0,-1,-1,1
1767,-1,-1,0,-1,-1,-1,-1,0,-1,0,-1,0,-1,0,-1,-1,1
1768,-1,-1,0,-1,-1,-1,-1,0,-1,0,-1,0,-1,0,-1,-1,1
1769,-1,-1,1,-1,-1,-1,-1,1,-1,1,-1,0,-1,0,-1,-1,1
1770,-1,-1,0,-1,-1,-1,-1,0,-1,0,-1,0,-1,0,-1,-1,1
1771,-1,-1,1,-1,-1,-1,-1,1,-1,1,-1,0,-1,0,-1,-1,1
1772,-1,-1,1,-1,-1,-1,-1,1,-1,1,-1,0,-1,0,-1,-1,1
1773,-1,-1,1,-1,-1,-1,-1,1,-1,1,-1,0,-1,0,-1,-1,1
1774,-1,-1,1,-1,-1,-1,-1,0,-1,0,-1,0,-1,0,-1,-1,1
1775,-1,-1,1,-1,-1,-1,-1,0,-1,0,-1,1,-1,0,-1,-1,1
1776,-1,-1,1,-1,-1,-1,-1,1,-1,1,-1,0,-1,0,-1,-1,1
1777,-1,-1,1,-1,-1,-1,-1,0,-1,0,-1,0,-1,0,-1,-1,1
1778,-1,-1,0,-1,-1,-1,-1,0,-1,0,-1,0,-1,0,-1,-1,1
1779,-1,-1,0,-1,-1,-1,-1,0,-1,0,-1,0,-1,0,-1,-1,1
1780,-1,-1,1,-1,-1,-1,-1,1,-1,1,-1,0,-1,0,-1,-1,1
1781,-1,-1,1,-1,-1,-1,-1,0,-1,0,-1,0,-1,0,-1,-1,1
1782,-1,-1,0,-1,-1,-1,-1,0,-1,0,-1,0,-1,0,-1,-1,1
1783,-1,-1,1,-1,-1,-1,-1,0,-1,0,-1,0,-1,0,-1,-1,1
1784,-1,-1,1,-1,-1,-1,-1,1,-1,1,-1,1,-1,1,-1,-1,1
1785,-1,-1,1,-1,-1,-1,-1,0,-1,0,-1,0,-1,0,-1,-1,1
1786,-1,-1,1,-1,-1,-1,-1,0,-1,0,-1,0,-1,1,-1,-1,1
1787,-1,-1,1,-1,-1,-1,-1,1,-1,0,-1,0,-1,0,-1,-1,1
1788,-1,-1,1,-1,-1,-1,-1,1,-1,1,-1,0,-1,0,-1,-1,1
1789,-1,-1,0,-1,-1,-1,-1,0,-1,0,-1,0,-1,0,-1,-1,1
1790,-1,-1,0,-1,-1,-1,-1,0,-1,0,-1,0,-1,0,-1,-1,1
1791,-1,-1,0,-1,-1,-1,-1,0,-1,0,-1,0,-1,0,-1,-1,1
1792,-1,-1,1,-1,-1,-1,-1,0,-1,0,-1,0,-1,0,-1,-1,1
1793,-1,-1,0,-1,-1,-1,-1,0,-1,0,-1,1,-1,0,-1,-1,1
1794,-1,-1,1,-1,-1,-1,-1,0,-1,0,-1,0,-1,0,-1,-1,1
1795,-1,-1,1,-1,-1,-1,-1,1,-1,1,-1,0,-1,0,-1,-1,1
1796,-1,-1,1,-1,-1,-1,-1,1,-1,1,-1,1,-1,0,-1,-1,1
1797,-1,-1,1,-1,-1,-1,-1,0,-1,0,-1,0,-1,0,-1,-1,1
1798,-1,-1,0,-1,-1,-1,-1,0,-1,0,-1,0,-1,0,-1,-1,1
1799,-1,-1,1,-1,-1,-1,-1,0,-1,0,-1,0,-1,0,-1,-1,1
1800,-1,-1,1,-1,-1,-1,-1,1,-1,1,-1,0,-1,0,-1,-1,1
1801,0,-1,1,-1,-1,0,-1,-1,0,0,-1,0,-1,0,-1,0,1
1802,0,-1,1,-1,-1,0,-1,-1,0,0,-1,0,-1,0,-1,0,1
1803,0,-1,1,-1,-1,0,-1,-1,0,0,-1,0,-1,0,-1,0,1
1804,0,-1,0,-1,-1,0,-1,-1,0,0,-1,0,-1,0,-1,0,0
1805,0,-1,1,-1,-1,0,-1,-1,0,0,-1,0,-1,0,-1,0,1
1806,0,-1,1,-1,-1,0,-1,-1,0,0,-1,1,-1,0,-1,0,1
1807,0,-1,1,-1,-1,0,-1,-1,0,0,-1,1,-1,1,-1,0,1
1808,0,-1,1,-1,-1,0,-1,-1,0,0,-1,0,-1,0,-1,0,1
1809,0,-1,1,-1,-1,0,-1,-1,0,0,-1,0,-1,0,-1,0,1
1810,0,-1,1,-1,-1,0,-1,-1,0,0,-1,0,-1,0,-1,0,1
1811,0,-1,0,-1,-1,0,-1,-1,0,0,-1,0,-1,0,-1,0,0
1812,0,-1,1,-1,-1,0,-1,-1,0,0,-1,0,-1,0,-1,0,1
1813,0,-1,1,-1,-1,0,-1,-1,0,0,-1,0,-1,0,-1,0,1
1814,0,-1,1,-1,-1,0,-1,-1,0,0,-1,0,-1,0,-1,0,1
1815,0,-1,1,-1,-1,0,-1,-1,0,0,-1,0,-1,0,-1,0,1
1816,0,-1,1,-1,-1,0,-1,-1,0,0,-1,0,-1,0,-1,0,1
1817,0,-1,0,-1,-1,0,-1,-1,0,0,-1,0,-1,0,-1,0,1
1818,0,-1,0,-1,-1,0,-1,-1,0,0,-1,0,-1,0,-1,0,0
1819,0,-1,1,-1,-1,0,-1,-1,0,0,-1,0,-1,0,-1,0,1
1820,0,-1,0,-1,-1,0,-1,-1,0,0,-1,0,-1,0,-1,0,0
1821,0,-1,0,-1,-1,0,-1,-1,0,0,-1,0,-1,0,-1,0,0
1822,0,-1,1,-1,-1,0,-1,-1,0,0,-1,0,-1,0,-1,0,0
1823,0,-1,1,-1,-1,0,-1,-1,0,0,-1,0,-1,0,-1,0,0
1824,0,-1,1,-1,-1,0,-1,-1,0,0,-1,0,-1,0,-1,0,0
1825,0,-1,0,-1,-1,0,-1,-1,0,0,-1,0,-1,0,-1,0,0
1826,0,-1,1,-1,-1,0,-1,-1,0,0,-1,0,-1,0,-1,0,0
1827,0,-1,0,-1,-1,0,-1,-1,0,0,-1,0,-1,0,-1,0,0
1828,0,-1,0,-1,-1,0,-1,-1,0,0,-1,0,-1,0,-1,0,0
1829,0,-1,1,-1,-1,0,-1,-1,0,0,-1,0,-1,0,-1,0,1
1830,0,-1,1,-1,-1,0,-1,-1,0,0,-1,0,-1,0,-1,0,1
1831,0,-1,1,-1,-1,0,-1,-1,0,0,-1,0,-1,0,-1,0,1
1832,0,-1,0,-1,-1,0,-1,-1,0,0,-1,0,-1,0,-1,0,0
1833,0,-1,0,-1,-1,0,-1,-1,0,0,-1,0,-1,0,-1,0,1
1834,0,-1,1,-1,-1,0,-1,-1,0,0,-1,0,-1,0,-1,0,1
1835,0,-1,1,-1,-1,0,-1,-1,0,0,-1,0,-1,0,-1,0,0
1836,0,-1,1,-1,-1,0,-1,-1,0,0,-1,0,-1,0,-1,0,0
1837,0,-1,1,-1,-1,0,-1,-1,0,0,-1,0,-1,0,-1,0,1
1838,0,-1,1,-1,-1,0,-1,-1,0,0,-1,0,-1,0,-1,0,0
1839,0,-1,1,-1,-1,0,-1,-1,0,0,-1,0,-1,0,-1,0,1
1840,0,-1,1,-1,-1,0,-1,-1,0,0,-1,0,-1,0,-1,0,1
1841,0,-1,1,-1,-1,0,-1,-1,0,0,-1,0,-1,0,-1,0,1
1842,0,-1,0,-1,-1,0,-1,-1,0,0,-1,0,-1,0,-1,0,0
1843,0,-1,1,-1,-1,0,-1,-1,0,0,-1,0,-1,0,-1,0,0
1844,0,-1,1,-1,-1,0,-1,-1,0,0,-1,0,-1,0,-1,0,1
1845,0,-1,1,-1,-1,0,-1,-1,0,0,-1,0,-1,0,-1,0,1
1846,0,-1,1,-1,-1,0,-1,-1,0,0,-1,0,-1,0,-1,0,0
1847,0,-1,1,-1,-1,0,-1,-1,0,0,-1,0,-1,0,-1,0,1
1848,0,-1,1,-1,-1,0,-1,-1,0,0,-1,0,-1,0,-1,0,1
1849,0,-1,1,-1,-1,0,-1,-1,0,0,-1,0,-1,0,-1,0,0
1850,0,-1,1,-1,-1,0,-1,-1,0,0,-1,0,-1,0,-1,0,0
1851,0,-1,1,-1,-1,0,-1,-1,0,0,-1,0,-1,0,-1,0,1
1852,0,-1,0,-1,-1,0,-1,-1,0,0,-1,0,-1,0,-1,0,0
1853,0,-1,0,-1,-1,0,-1,-1,0,0,-1,0,-1,0,-1,0,0
1854,0,-1,1,-1,-1,0,-1,-1,0,0,-1,0,-1,0,-1,0,1
1855,0,-1,1,-1,-1,0,-1,-1,0,0,-1,0,-1,0,-1,0,0
1856,0,-1,1,-1,-1,0,-1,-1,0,0,-1,0,-1,0,-1,0,1
1857,0,-1,1,-1,-1,0,-1,-1,0,0,-1,0,-1,0,-1,0,1
1858,0,-1,1,-1,-1,0,-1,-1,0,0,-1,0,-1,0,-1,0,1
1859,0,-1,1,-1,-1,0,-1,-1,0,0,-1,0,-1,0,-1,0,1
1860,0,-1,1,-1,-1,0,-1,-1,0,0,-1,0,-1,0,-1,0,1
1861,0,-1,1,-1,-1,0,-1,-1,0,0,-1,0,-1,0,-1,0,0
1862,0,-1,1,-1,-1,0,-1,-1,0,0,-1,0,-1,0,-1,0,1
1863,0,-1,1,-1,-1,0,-1,-1,0,0,-1,0,-1,0,-1,0,1
1864,0,-1,0,-1,-1,0,-1,-1,0,0,-1,0,-1,0,-1,0,0
1865,0,-1,1,-1,-1,0,-1,-1,0,0,-1,0,-1,0,-1,0,1
1866,0,-1,1,-1,-1,1,-1,-1,1,1,-1,0,-1,0,-1,0,1
1867,0,-1,0,-1,-1,0,-1,-1,0,0,-1,0,-1,0,-1,0,0
1868,0,-1,1,-1,-1,0,-1,-1,0,0,-1,0,-1,0,-1,0,1
1869,0,-1,1,-1,-1,0,-1,-1,0,0,-1,0,-1,0,-1,0,1
1870,0,-1,0,-1,-1,0,-1,-1,0,0,-1,0,-1,0,-1,0,1
1871,0,-1,0,-1,-1,0,-1,-1,0,0,-1,0,-1,0,-1,0,0
1872,0,-1,0,-1,-1,0,-1,-1,0,0,-1,0,-1,0,-1,0,0
1873,0,-1,0,-1,-1,0,-1,-1,0,0,-1,0,-1,0,-1,0,0
1874,0,-1,0,-1,-1,0,-1,-1,0,0,-1,0,-1,0,-1,0,1
1875,0,-1,1,-1,-1,0,-1,-1,0,0,-1,0,-1,0,-1,0,0
1876,0,-1,0,-1,-1,0,-1,-1,0,0,-1,0,-1,0,-1,0,0
1877,0,-1,1,-1,-1,0,-1,-1,0,0,-1,0,-1,0,-1,0,1
1878,0,-1,1,-1,-1,0,-1,-1,0,0,-1,0,-1,0,-1,0,1
1879,0,-1,1,-1,-1,0,-1,-1,1,1,-1,0,-1,0,-1,0,1
1880,0,-1,1,-1,-1,0,-1,-1,0,0,-1,0,-1,0,-1,0,0
1881,0,-1,0,-1,-1,0,-1,-1,0,0,-1,1,-1,0,-1,0,1
1882,0,-1,1,-1,-1,0,-1,-1,0,0,-1,0,-1,0,-1,0,1
1883,0,-1,1,-1,-1,0,-1,-1,1,1,-1,0,-1,0,-1,0,1
1884,0,-1,1,-1,-1,0,-1,-1,0,0,-1,0,-1,0,-1,0,0
1885,0,-1,1,-1,-1,0,-1,-1,0,0,-1,0,-1,0,-1,0,1
1886,0,-1,1,-1,-1,1,-1,-1,1,1,-1,0,-1,0,-1,0,0
1887,0,-1,1,-1,-1,0,-1,-1,0,0,-1,0,-1,0,-1,0,1
1888,0,-1,0,-1,-1,0,-1,-1,0,0,-1,0,-1,0,-1,0,1
1889,0,-1,1,-1,-1,0,-1,-1,0,0,-1,1,-1,1,-1,0,1
1890,0,-1,1,-1,-1,0,-1,-1,0,0,-1,0,-1,0,-1,0,1
1891,0,-1,0,-1,-1,0,-1,-1,0,0,-1,0,-1,0,-1,0,1
1892,0,-1,0,-1,-1,0,-1,-1,0,0,-1,0,-1,0,-1,0,0
1893,0,-1,1,-1,-1,0,-1,-1,0,0,-1,0,-1,0,-1,0,1
1894,0,-1,0,-1,-1,0,-1,-1,0,0,-1,0,-1,0,-1,0,0
1895,0,-1,0,-1,-1,0,-1,-1,0,0,-1,0,-1,0,-1,0,0
1896,0,-1,1,-1,-1,0,-1,-1,0,0,-1,0,-1,0,-1,0,1
1897,0,-1,0,-1,-1,0,-1,-1,0,0,-1,0,-1,0,-1,0,0
1898,0,-1,1,-1,-1,0,-1,-1,0,0,-1,0,-1,0,-1,0,0
1899,0,-1,1,-1,-1,0,-1,-1,0,0,-1,0,-1,0,-1,0,1
1900,0,-1,0,-1,-1,0,-1,-1,0,0,-1,0,-1,0,-1,0,1
1901,0,-1,0,-1,-1,0,-1,-1,0,0,-1,0,-1,0,-1,0,0
1902,0,-1,1,-1,-1,0,-1,-1,0,0,-1,0,-1,0,-1,0,1
1903,0,-1,0,-1,-1,0,-1,-1,0,0,-1,0,-1,0,-1,0,0
1904,0,-1,1,-1,-1,0,-1,-1,0,0,-1,0,-1,0,-1,0,1
1905,0,-1,0,-1,-1,0,-1,-1,0,0,-1,0,-1,0,-1,0,1
1906,0,-1,1,-1,-1,0,-1,-1,0,0,-1,0,-1,0,-1,0,1
1907,0,-1,1,-1,-1,0,-1,-1,0,0,-1,0,-1,0,-1,0,1
1908,0,-1,1,-1,-1,0,-1,-1,0,0,-1,0,-1,0,-1,0,1
1909,0,-1,0,-1,-1,0,-1,-1,0,0,-1,0,-1,0,-1,0,0
1910,0,-1,0,-1,-1,0,-1,-1,0,0,-1,0,-1,0,-1,0,0
1911,0,-1,1,-1,-1,0,-1,-1,0,0,-1,0,-1,0,-1,0,1
1912,0,-1,0,-1,-1,0,-1,-1,0,0,-1,0,-1,0,-1,0,0
1913,0,-1,1,-1,-1,0,-1,-1,0,0,-1,0,-1,0,-1,0,1
1914,0,-1,0,-1,-1,0,-1,-1,0,0,-1,0,-1,0,-1,0,0
1915,0,-1,1,-1,-1,0,-1,-1,0,0,-1,0,-1,0,-1,0,1
1916,0,-1,0,-1,-1,0,-1,-1,0,0,-1,0,-1,0,-1,0,0
1917,0,-1,1,-1,-1,0,-1,-1,0,0,-1,0,-1,0,-1,0,1
1918,0,-1,0,-1,-1,0,-1,-1,0,0,-1,0,-1,0,-1,0,0
1919,0,-1,1,-1,-1,0,-1,-1,0,0,-1,0,-1,0,-1,0,1
1920,0,-1,1,-1,-1,0,-1,-1,0,0,-1,0,-1,0,-1,0,1
1921,0,-1,0,-1,-1,0,-1,-1,0,0,-1,0,-1,0,-1,0,0
1922,0,-1,1,-1,-1,0,-1,-1,0,0,-1,0,-1,0,-1,0,1
1923,0,-1,1,-1,-1,0,-1,-1,0,0,-1,0,-1,0,-1,0,1
1924,0,-1,1,-1,-1,0,-1,-1,0,0,-1,0,-1,0,-1,0,1
1925,0,-1,1,-1,-1,0,-1,-1,0,0,-1,0,-1,0,-1,0,1
1926,0,-1,0,-1,-1,0,-1,-1,0,0,-1,0,-1,0,-1,0,0
1927,0,-1,1,-1,-1,0,-1,-1,0,0,-1,0,-1,0,-1,0,1
1928,0,-1,1,-1,-1,0,-1,-1,0,0,-1,0,-1,0,-1,0,1
1929,0,-1,0,-1,-1,0,-1,-1,0,0,-1,0,-1,0,-1,0,1
1930,0,-1,1,-1,-1,0,-1,-1,0,0,-1,0,-1,0,-1,0,0
1931,0,-1,1,-1,-1,0,-1,-1,1,1,-1,0,-1,0,-1,0,1
1932,0,-1,1,-1,-1,0,-1,-1,0,0,-1,0,-1,0,-1,0,1
1933,0,-1,0,-1,-1,0,-1,-1,0,0,-1,0,-1,0,-1,0,0
1934,0,-1,0,-1,-1,0,-1,-1,0,0,-1,0,-1,0,-1,0,0
1935,0,-1,0,-1,-1,0,-1,-1,0,0,-1,0,-1,0,-1,0,0
1936,0,-1,0,-1,-1,0,-1,-1,0,0,-1,0,-1,0,-1,0,0
1937,0,-1,0,-1,-1,0,-1,-1,0,0,-1,0,-1,0,-1,0,1
1938,0,-1,0,-1,-1,0,-1,-1,0,0,-1,0,-1,0,-1,0,0
1939,0,-1,0,-1,-1,0,-1,-1,0,0,-1,0,-1,0,-1,0,0
1940,0,-1,1,-1,-1,0,-1,-1,0,0,-1,0,-1,0,-1,0,1
1941,0,-1,1,-1,-1,0,-1,-1,0,0,-1,1,-1,1,-1,0,0
1942,0,-1,0,-1,-1,0,-1,-1,0,0,-1,0,-1,0,-1,0,0
1943,0,-1,1,-1,-1,0,-1,-1,0,0,-1,0,-1,0,-1,0,0
1944,0,-1,0,-1,-1,0,-1,-1,0,0,-1,0,-1,0,-1,0,0
1945,0,-1,1,-1,-1,0,-1,-1,0,0,-1,1,-1,0,-1,0,1
1946,0,-1,1,-1,-1,0,-1,-1,0,0,-1,0,-1,0,-1,0,0
1947,0,-1,1,-1,-1,0,-1,-1,0,0,-1,0,-1,0,-1,0,1
1948,0,-1,1,-1,-1,0,-1,-1,0,0,-1,0,-1,0,-1,0,1
1949,0,-1,0,-1,-1,0,-1,-1,0,0,-1,0,-1,0,-1,0,0
1950,0,-1,0,-1,-1,0,-1,-1,0,0,-1,0,-1,0,-1,0,1
1951,0,-1,1,-1,-1,0,-1,-1,0,0,-1,0,-1,0,-1,0,1
1952,0,-1,0,-1,-1,0,-1,-1,0,0,-1,0,-1,0,-1,0,0
1953,0,-1,1,-1,-1,0,-1,-1,0,0,-1,0,-1,0,-1,0,1
1954,0,-1,0,-1,-1,0,-1,-1,0,0,-1,0,-1,0,-1,0,0
1955,0,-1,0,-1,-1,0,-1,-1,0,0,-1,0,-1,0,-1,0,0
1956,0,-1,0,-1,-1,0,-1,-1,0,0,-1,0,-1,0,-1,0,0
1957,0,-1,0,-1,-1,0,-1,-1,0,0,-1,0,-1,0,-1,0,0
1958,0,-1,1,-1,-1,0,-1,-1,0,0,-1,0,-1,0,-1,0,1
1959,0,-1,1,-1,-1,0,-1,-1,0,0,-1,0,-1,0,-1,0,0
1960,0,-1,0,-1,-1,0,-1,-1,0,0,-1,0,-1,0,-1,0,0
1961,0,-1,1,-1,-1,0,-1,-1,0,0,-1,0,-1,0,-1,0,1
1962,0,-1,0,-1,-1,-1,0,0,0,-1,-1,0,0,0,0,0,-1
1963,0,-1,1,-1,-1,-1,1,1,1,-1,-1,1,-1,0,1,1,-1
1964,0,-1,1,-1,-1,-1,1,1,1,-1,-1,1,-1,0,1,0,-1
1965,-1,-1,-1,-1,-1,-1,-1,-1,-1,-1,-1,-1,-1,-1,-1,1,-1
1966,-1,-1,-1,-1,-1,1,-1,-1,1,-1,-1,-1,-1,-1,-1,1,-1
1967,-1,-1,-1,-1,-1,-1,-1,-1,-1,-1,-1,-1,-1,-1,-1,1,-1
1968,-1,-1,-1,-1,-1,-1,-1,-1,-1,-1,-1,-1,-1,1,-1,1,0
1969,-1,-1,-1,-1,-1,1,-1,-1,-1,-1,-1,-1,-1,-1,-1,1,-1
1970,-1,-1,1,-1,-1,1,-1,-1,-1,-1,-1,-1,-1,1,-1,1,0
1971,-1,-1,-1,-1,-1,1,-1,-1,-1,-1,-1,1,-1,-1,-1,1,-1
1972,0,-1,-1,-1,-1,1,-1,-1,-1,-1,-1,-1,-1,-1,-1,1,-1
1973,-1,-1,-1,-1,-1,1,-1,-1,-1,-1,-1,-1,-1,-1,-1,1,-1
1974,-1,-1,-1,-1,-1,0,-1,-1,-1,-1,-1,-1,-1,-1,-1,1,-1
1975,-1,-1,-1,-1,-1,-1,-1,-1,-1,-1,-1,-1,-1,-1,-1,1,-1
1976,-1,-1,0,-1,-1,0,-1,-1,0,0,-1,0,-1,0,-1,0,-1
1977,-1,-1,1,-1,-1,0,-1,-1,0,0,-1,1,-1,0,-1,0,-1
1978,-1,-1,1,-1,-1,0,-1,-1,0,0,-1,0,-1,1,-1,0,-1
1979,0,-1,1,1,-1,0,-1,-1,1,1,-1,1,1,1,1,0,1
1980,0,-1,1,1,-1,0,-1,-1,1,1,-1,1,1,1,0,1,-1
1981,-1,-1,0,-1,-1,0,-1,-1,0,0,-1,0,-1,0,-1,0,-1
1982,-1,-1,1,0,-1,0,1,0,0,1,-1,0,-1,0,0,0,1
1983,-1,-1,1,1,-1,0,1,0,1,1,-1,0,-1,0,0,0,1
1984,-1,-1,1,0,-1,0,1,0,1,1,-1,1,-1,0,0,0,1
1985,-1,-1,1,0,-1,1,1,0,1,1,-1,0,-1,0,0,0,1
1986,-1,-1,1,0,-1,0,1,0,1,1,-1,0,-1,0,0,0,1
1987,-1,-1,1,0,-1,0,1,0,0,1,-1,0,-1,0,0,0,1
1988,-1,-1,1,1,-1,1,1,0,1,1,-1,0,-1,0,0,0,1
1989,-1,-1,1,-1,-1,1,-1,-1,1,1,-1,1,-1,0,-1,1,1
1990,-1,-1,0,-1,-1,0,-1,-1,0,0,-1,0,-1,0,-1,0,-1
1991,-1,-1,1,-1,-1,1,-1,-1,1,1,-1,1,-1,0,-1,1,1
1992,-1,-1,0,-1,-1,0,-1,-1,0,0,-1,1,-1,0,-1,0,-1
1993,-1,-1,1,-1,-1,1,-1,-1,1,1,-1,1,-1,0,-1,1,1
1994,-1,-1,0,-1,-1,0,-1,-1,0,0,-1,0,-1,0,-1,0,-1
1995,-1,-1,1,-1,-1,0,-1,-1,0,0,-1,1,-1,0,-1,0,-1
1996,-1,-1,1,-1,-1,0,-1,-1,0,0,-1,1,-1,0,-1,0,-1
1997,-1,-1,1,-1,-1,0,-1,-1,0,0,-1,1,-1,0,-1,0,-1
1998,-1,-1,0,-1,-1,0,-1,-1,0,0,-1,1,-1,0,-1,0,-1
1999,-1,-1,1,-1,-1,0,-1,-1,1,1,-1,1,-1,0,-1,0,-1
2000,-1,-1,1,-1,-1,0,-1,-1,0,0,-1,1,-1,0,-1,0,-1
2001,-1,-1,1,-1,-1,0,-1,-1,0,0,-1,1,-1,0,-1,0,-1
2002,0,-1,1,-1,-1,1,-1,-1,1,1,-1,1,-1,1,-1,0,-1
2003,-1,-1,1,-1,-1,0,-1,-1,0,0,-1,1,-1,0,-1,0,-1
2004,-1,-1,1,-1,-1,0,-1,-1,0,0,-1,1,-1,0,-1,0,-1
2005,1,-1,1,-1,-1,-1,1,1,1,-1,-1,1,1,1,1,1,-1
2006,0,-1,1,-1,-1,-1,1,1,1,-1,-1,1,1,1,1,1,-1
2007,0,-1,1,-1,-1,-1,1,1,0,-1,-1,1,1,0,1,1,-1
2008,0,-1,1,-1,-1,-1,1,-1,-1,-1,-1,1,1,0,0,1,-1
2009,0,-1,1,-1,-1,-1,1,-1,-1,-1,-1,1,0,0,0,0,-1
2010,1,-1,1,-1,-1,-1,1,1,1,-1,-1,1,1,1,0,1,-1
2011,1,-1,1,-1,-1,-1,1,1,1,-1,-1,1,1,1,0,1,-1
2012,1,-1,1,-1,-1,-1,1,1,1,-1,-1,1,1,0,0,1,-1
2013,1,-1,1,-1,-1,-1,1,1,1,-1,-1,1,1,0,0,0,-1
2014,0,-1,1,-1,-1,-1,1,1,1,-1,-1,0,1,1,0,0,-1
2015,0,-1,1,-1,-1,-1,1,1,1,-1,-1,0,0,1,0,0,-1
2016,0,-1,1,-1,-1,-1,1,1,1,-1,-1,1,1,1,0,0,-1
2017,0,-1,1,-1,-1,-1,1,1,1,-1,-1,0,0,0,0,0,-1
2018,0,-1,1,-1,-1,1,-1,-1,1,1,-1,1,-1,1,-1,1,-1
2019,-1,-1,0,-1,-1,0,-1,-1,0,0,-1,0,-1,0,-1,0,-1
